id;char;stroke_count;first_stroke
20;刀;2 画;乛
21;力;2 画;乛
22;又;2 画;乛
23;乜;2 画;乛
24;三;3 画;一
25;干;3 画;一
26;亍;3 画;一
27;于;3 画;一
28;亏;3 画;一
29;士;3 画;一
30;土;3 画;一
31;工;3 画;一
32;才;3 画;一
33;下;3 画;一
34;寸;3 画;一
35;丈;3 画;一
36;大;3 画;一
37;兀;3 画;一
38;与;3 画;一
39;万;3 画;一
40;弋;3 画;一
41;上;3 画;丨
42;小;3 画;丨
43;口;3 画;丨
44;山;3 画;丨
45;巾;3 画;丨
46;千;3 画;丿
47;乞;3 画;丿
48;川;3 画;丿
49;亿;3 画;丿
50;彳;3 画;丿
51;个;3 画;丿
52;么;3 画;丿
53;久;3 画;丿
54;勺;3 画;丿
55;丸;3 画;丿
56;夕;3 画;丿
57;凡;3 画;丿
58;及;3 画;丿
59;广;3 画;丶
60;亡;3 画;丶
61;门;3 画;丶
62;丫;3 画;丶
63;义;3 画;丶
64;之;3 画;丶
65;尸;3 画;乛
66;已;3 画;乛
67;巳;3 画;乛
68;弓;3 画;乛
69;己;3 画;乛
70;卫;3 画;乛
71;孑;3 画;乛
72;子;3 画;乛
73;孓;3 画;乛
74;也;3 画;乛
75;女;3 画;乛
76;飞;3 画;乛
77;刃;3 画;乛
78;习;3 画;乛
79;叉;3 画;乛
80;马;3 画;乛
81;乡;3 画;乛
82;幺;3 画;乛
83;丰;4 画;一
84;王;4 画;一
85;井;4 画;一
86;开;4 画;一
87;亓;4 画;一
88;夫;4 画;一
89;天;4 画;一
90;元;4 画;一
91;无;4 画;一
92;韦;4 画;一
93;云;4 画;一
94;专;4 画;一
95;丐;4 画;一
96;扎;4 画;一
97;廿;4 画;一
98;艺;4 画;一
99;木;4 画;一
100;五;4 画;一
101;支;4 画;一
102;厅;4 画;一
103;卅;4 画;一
104;不;4 画;一
105;仄;4 画;一
106;太;4 画;一
107;犬;4 画;一
108;区;4 画;一
109;历;4 画;一
110;友;4 画;一
111;歹;4 画;一
112;尤;4 画;一
113;匹;4 画;一
114;厄;4 画;一
115;车;4 画;一
116;巨;4 画;一
117;牙;4 画;一
118;屯;4 画;一
119;戈;4 画;一
120;比;4 画;一
121;互;4 画;一
122;切;4 画;一
123;瓦;4 画;一
124;止;4 画;丨
125;少;4 画;丨
126;曰;4 画;丨
127;日;4 画;丨
128;中;4 画;丨
129;贝;4 画;丨
130;内;4 画;丨
131;水;4 画;丨
132;冈;4 画;丨
133;见;4 画;丨
134;手;4 画;丿
135;午;4 画;丿
136;牛;4 画;丿
137;毛;4 画;丿
138;气;4 画;丿
139;壬;4 画;丿
140;升;4 画;丿
141;夭;4 画;丿
142;长;4 画;丿
143;仁;4 画;丿
144;仃;4 画;丿
145;什;4 画;丿
146;片;4 画;丿
147;仆;4 画;丿
148;仉;4 画;丿
149;化;4 画;丿
150;仇;4 画;丿
151;币;4 画;丿
152;仂;4 画;丿
153;仍;4 画;丿
154;仅;4 画;丿
155;斤;4 画;丿
156;爪;4 画;丿
157;反;4 画;丿
158;兮;4 画;丿
159;刈;4 画;丿
160;介;4 画;丿
161;父;4 画;丿
162;爻;4 画;丿
163;从;4 画;丿
164;仑;4 画;丿
165;今;4 画;丿
166;凶;4 画;丿
167;分;4 画;丿
168;乏;4 画;丿
169;公;4 画;丿
170;仓;4 画;丿
171;月;4 画;丿
172;氏;4 画;丿
173;勿;4 画;丿
174;风;4 画;丿
175;欠;4 画;丿
176;丹;4 画;丿
177;匀;4 画;丿
178;乌;4 画;丿
179;勾;4 画;丿
180;殳;4 画;丿
181;凤;4 画;丿
182;卞;4 画;丶
183;六;4 画;丶
184;文;4 画;丶
185;亢;4 画;丶
186;方;4 画;丶
187;闩;4 画;丶
188;火;4 画;丶
189;为;4 画;丶
190;斗;4 画;丶
191;忆;4 画;丶
192;计;4 画;丶
193;订;4 画;丶
194;户;4 画;丶
195;讣;4 画;丶
196;认;4 画;丶
197;讥;4 画;丶
198;冗;4 画;丶
199;心;4 画;丶
200;尹;4 画;乛
201;尺;4 画;乛
202;夬;4 画;乛
203;引;4 画;乛
204;丑;4 画;乛
205;爿;4 画;乛
206;巴;4 画;乛
207;孔;4 画;乛
208;队;4 画;乛
209;办;4 画;乛
210;以;4 画;乛
211;允;4 画;乛
212;邓;4 画;乛
213;予;4 画;乛
214;劝;4 画;乛
215;双;4 画;乛
216;书;4 画;乛
217;毋;4 画;乛
218;幻;4 画;乛
219;玉;4 画;一
220;刊;4 画;一
221;末;4 画;一
222;未;4 画;一
223;示;4 画;一
224;击;4 画;一
225;邗;4 画;一
226;戋;4 画;一
227;打;4 画;一
228;巧;4 画;一
229;正;4 画;一
230;扑;4 画;一
231;卉;4 画;一
232;扒;4 画;一
233;邛;4 画;一
234;功;4 画;一
235;扔;4 画;一
236;去;4 画;一
237;甘;4 画;一
238;世;4 画;一
239;艾;4 画;一
240;艽;4 画;一
241;古;4 画;一
242;节;4 画;一
243;艿;4 画;一
244;本;4 画;一
245;术;4 画;一
246;札;4 画;一
247;可;4 画;一
248;叵;4 画;一
249;匝;4 画;一
250;丙;4 画;一
251;左;4 画;一
252;厉;4 画;一
253;丕;4 画;一
254;石;4 画;一
255;右;4 画;一
256;布;4 画;一
257;夯;4 画;一
258;龙;4 画;一
259;戊;4 画;一
260;平;4 画;一
261;灭;4 画;一
262;轧;4 画;一
263;东;4 画;一
264;匜;4 画;一
265;劢;4 画;一
266;卡;4 画;丨
267;北;4 画;丨
268;占;4 画;丨
269;凸;4 画;丨
270;卢;4 画;丨
271;业;4 画;丨
272;旧;4 画;丨
273;帅;4 画;丨
274;归;4 画;丨
275;目;4 画;丨
276;旦;4 画;丨
277;且;4 画;丨
278;叮;4 画;丨
279;叶;4 画;丨
280;甲;4 画;丨
281;申;4 画;丨
282;号;4 画;丨
283;电;4 画;丨
284;田;4 画;丨
285;由;4 画;丨
286;卟;4 画;丨
287;叭;4 画;丨
288;只;4 画;丨
289;央;4 画;丨
290;史;4 画;丨
291;叱;4 画;丨
292;叽;4 画;丨
293;兄;4 画;丨
294;叼;4 画;丨
295;叩;4 画;丨
296;叫;4 画;丨
297;叻;4 画;丨
298;叨;4 画;丨
299;另;4 画;丨
300;叹;4 画;丨
301;冉;4 画;丨
302;皿;4 画;丨
303;凹;4 画;丨
304;囚;4 画;丨
305;四;4 画;丨
306;生;4 画;丿
307;失;4 画;丿
308;矢;4 画;丿
309;氕;4 画;丿
310;乍;4 画;丿
311;禾;4 画;丿
312;仨;4 画;丿
313;仕;4 画;丿
314;丘;4 画;丿
315;付;4 画;丿
316;仗;4 画;丿
317;代;4 画;丿
318;仙;4 画;丿
319;仟;4 画;丿
320;仡;4 画;丿
321;仫;4 画;丿
322;伋;4 画;丿
323;们;4 画;丿
324;仪;4 画;丿
325;白;4 画;丿
326;仔;4 画;丿
327;他;4 画;丿
328;仞;4 画;丿
329;斥;4 画;丿
330;卮;4 画;丿
331;瓜;4 画;丿
332;乎;4 画;丿
333;丛;4 画;丿
334;令;4 画;丿
335;用;4 画;丿
336;甩;4 画;丿
337;印;4 画;丿
338;氐;4 画;丿
339;乐;4 画;丿
340;尔;4 画;丿
341;句;4 画;丿
342;匆;4 画;丿
343;犰;4 画;丿
344;册;4 画;丿
345;卯;4 画;丿
346;犯;4 画;丿
347;外;4 画;丿
348;处;4 画;丿
349;冬;4 画;丿
350;鸟;4 画;丿
351;务;4 画;丿
352;刍;4 画;丿
353;包;4 画;丿
354;饥;4 画;丿
355;主;4 画;丶
356;市;4 画;丶
357;庀;4 画;丶
358;邝;4 画;丶
359;立;4 画;丶
360;冯;4 画;丶
361;邙;4 画;丶
362;玄;4 画;丶
363;闪;4 画;丶
364;兰;4 画;丶
365;半;4 画;丶
366;汀;4 画;丶
367;汁;4 画;丶
368;汇;4 画;丶
369;头;4 画;丶
370;汈;4 画;丶
371;汉;4 画;丶
372;忉;4 画;丶
373;宁;4 画;丶
374;穴;4 画;丶
375;宄;4 画;丶
376;它;4 画;丶
377;讦;4 画;丶
378;讧;4 画;丶
379;讨;4 画;丶
380;写;4 画;丶
381;让;4 画;丶
382;礼;4 画;丶
383;讪;4 画;丶
384;讫;4 画;丶
385;训;4 画;丶
386;必;4 画;丶
387;议;4 画;丶
388;讯;4 画;丶
389;记;4 画;丶
390;永;4 画;丶
391;司;4 画;乛
392;尻;4 画;乛
393;尼;4 画;乛
394;民;4 画;乛
395;弗;4 画;乛
396;弘;4 画;乛
397;阢;4 画;乛
398;出;4 画;乛
399;阡;4 画;乛
400;辽;4 画;乛
401;奶;4 画;乛
402;奴;4 画;乛
403;尕;4 画;乛
404;加;4 画;乛
405;召;4 画;乛
406;皮;4 画;乛
407;边;4 画;乛
408;孕;4 画;乛
409;发;4 画;乛
410;圣;4 画;乛
411;对;4 画;乛
412;弁;4 画;乛
413;台;4 画;乛
414;矛;4 画;乛
415;纠;4 画;乛
416;驭;4 画;乛
417;母;4 画;乛
418;幼;4 画;乛
419;丝;4 画;乛
420;匡;6 画;一
421;耒;6 画;一
422;邦;6 画;一
423;玎;6 画;一
424;玑;6 画;一
425;式;6 画;一
426;迂;6 画;一
427;刑;6 画;一
428;邢;6 画;一
429;戎;6 画;一
430;动;6 画;一
431;圩;6 画;一
432;圬;6 画;一
433;圭;6 画;一
434;扛;6 画;一
435;寺;6 画;一
436;吉;6 画;一
437;扣;6 画;一
438;扦;6 画;一
439;圪;6 画;一
440;考;6 画;一
441;托;6 画;一
442;圳;6 画;一
443;老;6 画;一
444;圾;6 画;一
445;巩;6 画;一
446;执;6 画;一
447;扩;6 画;一
448;圹;6 画;一
449;扪;6 画;一
450;扫;6 画;一
451;圯;6 画;一
452;圮;6 画;一
453;地;6 画;一
454;扬;6 画;一
455;场;6 画;一
456;耳;6 画;一
457;芋;6 画;一
458;芏;6 画;一
459;共;6 画;一
460;芊;6 画;一
461;芍;6 画;一
462;芨;6 画;一
463;芄;6 画;一
464;芒;6 画;一
465;亚;6 画;一
466;芝;6 画;一
467;芎;6 画;一
468;芑;6 画;一
469;芗;6 画;一
470;朽;6 画;一
471;朴;6 画;一
472;机;6 画;一
473;权;6 画;一
474;过;6 画;一
475;亘;6 画;一
476;臣;6 画;一
477;吏;6 画;一
478;再;6 画;一
479;协;6 画;一
480;西;6 画;一
481;压;6 画;一
482;厌;6 画;一
483;厍;6 画;一
484;戌;6 画;一
485;在;6 画;一
486;百;6 画;一
487;有;6 画;一
488;存;6 画;一
489;而;6 画;一
490;页;6 画;一
491;匠;6 画;一
492;夸;6 画;一
493;夺;6 画;一
494;夼;6 画;一
495;灰;6 画;一
496;达;6 画;一
497;戍;6 画;一
498;尥;6 画;一
499;列;6 画;一
500;死;6 画;一
501;成;6 画;一
502;夹;6 画;一
503;夷;6 画;一
504;轨;6 画;一
505;邪;6 画;一
506;尧;6 画;一
507;划;6 画;一
508;迈;6 画;一
509;毕;6 画;一
510;至;6 画;一
511;此;6 画;丨
512;乩;6 画;丨
513;贞;6 画;丨
514;师;6 画;丨
515;尘;6 画;丨
516;尖;6 画;丨
1;一;1 画;一
2;乙;1 画;乛
3;二;2 画;一
4;十;2 画;一
5;丁;2 画;一
6;厂;2 画;一
7;七;2 画;一
8;卜;2 画;丨
9;八;2 画;丿
10;人;2 画;丿
11;入;2 画;丿
12;乂;2 画;丿
13;儿;2 画;丿
14;九;2 画;丿
15;匕;2 画;丿
16;几;2 画;丿
17;刁;2 画;乛
18;了;2 画;乛
19;乃;2 画;乛
517;劣;6 画;丨
518;光;6 画;丨
519;当;6 画;丨
520;吁;6 画;丨
521;早;6 画;丨
522;吐;6 画;丨
523;吓;6 画;丨
524;旯;6 画;丨
525;曳;6 画;丨
526;虫;6 画;丨
527;曲;6 画;丨
528;团;6 画;丨
529;同;6 画;丨
530;吕;6 画;丨
531;吊;6 画;丨
532;吃;6 画;丨
533;因;6 画;丨
534;吸;6 画;丨
535;吗;6 画;丨
536;吆;6 画;丨
537;屿;6 画;丨
538;屹;6 画;丨
539;岌;6 画;丨
540;帆;6 画;丨
541;岁;6 画;丨
542;回;6 画;丨
543;岂;6 画;丨
544;屺;6 画;丨
545;则;6 画;丨
546;刚;6 画;丨
547;网;6 画;丨
548;肉;6 画;丨
549;凼;6 画;丨
550;囝;6 画;丨
551;囡;6 画;丨
552;钆;6 画;丿
553;钇;6 画;丿
554;年;6 画;丿
555;朱;6 画;丿
556;缶;6 画;丿
557;氘;6 画;丿
558;氖;6 画;丿
559;牝;6 画;丿
560;先;6 画;丿
561;丢;6 画;丿
562;廷;6 画;丿
563;舌;6 画;丿
564;竹;6 画;丿
565;迁;6 画;丿
566;乔;6 画;丿
567;迄;6 画;丿
568;伟;6 画;丿
569;传;6 画;丿
570;乒;6 画;丿
571;乓;6 画;丿
572;休;6 画;丿
573;伍;6 画;丿
574;伎;6 画;丿
575;伏;6 画;丿
576;伛;6 画;丿
577;优;6 画;丿
578;臼;6 画;丿
579;伢;6 画;丿
580;伐;6 画;丿
581;仳;6 画;丿
582;延;6 画;丿
583;佤;6 画;丿
584;仲;6 画;丿
585;仵;6 画;丿
586;件;6 画;丿
587;任;6 画;丿
588;伤;6 画;丿
589;伥;6 画;丿
590;价;6 画;丿
591;伦;6 画;丿
592;份;6 画;丿
593;伧;6 画;丿
594;华;6 画;丿
595;仰;6 画;丿
596;伉;6 画;丿
597;仿;6 画;丿
598;伙;6 画;丿
599;伪;6 画;丿
600;伫;6 画;丿
601;自;6 画;丿
602;伊;6 画;丿
603;血;6 画;丿
604;向;6 画;丿
605;囟;6 画;丿
606;似;6 画;丿
607;后;6 画;丿
608;行;6 画;丿
609;甪;6 画;丿
610;舟;6 画;丿
611;全;6 画;丿
612;会;6 画;丿
613;杀;6 画;丿
614;合;6 画;丿
615;兆;6 画;丿
616;企;6 画;丿
617;汆;6 画;丿
618;氽;6 画;丿
619;众;6 画;丿
620;爷;6 画;丿
621;伞;6 画;丿
622;创;6 画;丿
623;刖;6 画;丿
624;肌;6 画;丿
625;肋;6 画;丿
626;朵;6 画;丿
627;杂;6 画;丿
628;夙;6 画;丿
629;危;6 画;丿
630;旬;6 画;丿
631;旭;6 画;丿
632;旮;6 画;丿
633;旨;6 画;丿
634;负;6 画;丿
635;犴;6 画;丿
636;刎;6 画;丿
637;犷;6 画;丿
638;匈;6 画;丿
639;犸;6 画;丿
640;舛;6 画;丿
641;各;6 画;丿
642;名;6 画;丿
643;多;6 画;丿
644;凫;6 画;丿
645;争;6 画;丿
646;邬;6 画;丿
647;色;6 画;丿
648;饧;6 画;丿
649;冱;6 画;丶
650;壮;6 画;丶
651;冲;6 画;丶
652;妆;6 画;丶
653;冰;6 画;丶
654;庄;6 画;丶
655;庆;6 画;丶
656;亦;6 画;丶
657;刘;6 画;丶
658;齐;6 画;丶
659;交;6 画;丶
660;次;6 画;丶
661;衣;6 画;丶
662;产;6 画;丶
663;决;6 画;丶
664;亥;6 画;丶
665;邡;6 画;丶
666;充;6 画;丶
667;妄;6 画;丶
668;闭;6 画;丶
669;问;6 画;丶
670;闯;6 画;丶
671;羊;6 画;丶
672;并;6 画;丶
673;关;6 画;丶
674;米;6 画;丶
675;灯;6 画;丶
676;州;6 画;丶
677;汗;6 画;丶
678;污;6 画;丶
679;江;6 画;丶
680;汕;6 画;丶
681;汔;6 画;丶
682;汲;6 画;丶
683;汐;6 画;丶
684;汛;6 画;丶
685;汜;6 画;丶
686;池;6 画;丶
687;汝;6 画;丶
688;汤;6 画;丶
689;汊;6 画;丶
690;忖;6 画;丶
691;忏;6 画;丶
692;忙;6 画;丶
693;兴;6 画;丶
694;宇;6 画;丶
695;守;6 画;丶
696;宅;6 画;丶
697;字;6 画;丶
698;安;6 画;丶
699;讲;6 画;丶
700;讳;6 画;丶
701;讴;6 画;丶
702;军;6 画;丶
703;讵;6 画;丶
704;讶;6 画;丶
705;祁;6 画;丶
706;讷;6 画;丶
707;许;6 画;丶
708;讹;6 画;丶
709;论;6 画;丶
710;讼;6 画;丶
711;农;6 画;丶
712;讽;6 画;丶
713;设;6 画;丶
714;访;6 画;丶
715;诀;6 画;丶
716;聿;6 画;乛
717;寻;6 画;乛
718;那;6 画;乛
719;艮;6 画;乛
720;厾;6 画;乛
721;迅;6 画;乛
722;尽;6 画;乛
723;导;6 画;乛
724;异;6 画;乛
725;弛;6 画;乛
726;阱;6 画;乛
727;阮;6 画;乛
728;孙;6 画;乛
729;阵;6 画;乛
730;阳;6 画;乛
731;收;6 画;乛
732;阪;6 画;乛
733;阶;6 画;乛
734;阴;6 画;乛
735;防;6 画;乛
736;丞;6 画;乛
737;奸;6 画;乛
738;如;6 画;乛
739;妁;6 画;乛
740;妇;6 画;乛
741;妃;6 画;乛
742;好;6 画;乛
743;她;6 画;乛
744;妈;6 画;乛
745;戏;6 画;乛
746;羽;6 画;乛
747;观;6 画;乛
748;牟;6 画;乛
749;欢;6 画;乛
750;买;6 画;乛
751;纡;6 画;乛
752;红;6 画;乛
753;纣;6 画;乛
754;驮;6 画;乛
755;纤;6 画;乛
756;纥;6 画;乛
757;驯;6 画;乛
758;纨;6 画;乛
759;约;6 画;乛
760;级;6 画;乛
761;纩;6 画;乛
762;纪;6 画;乛
763;驰;6 画;乛
764;纫;6 画;乛
765;巡;6 画;乛
766;寿;7 画;一
767;玕;7 画;一
768;弄;7 画;一
769;玙;7 画;一
770;麦;7 画;一
771;玖;7 画;一
772;玚;7 画;一
773;玛;7 画;一
774;形;7 画;一
775;进;7 画;一
776;戒;7 画;一
777;吞;7 画;一
778;远;7 画;一
779;违;7 画;一
780;韧;7 画;一
781;运;7 画;一
782;扶;7 画;一
783;抚;7 画;一
784;坛;7 画;一
785;抟;7 画;一
786;技;7 画;一
787;坏;7 画;一
788;抔;7 画;一
789;抠;7 画;一
790;坜;7 画;一
791;扰;7 画;一
792;扼;7 画;一
793;拒;7 画;一
794;找;7 画;一
795;批;7 画;一
796;扯;7 画;一
797;址;7 画;一
798;走;7 画;一
799;抄;7 画;一
800;汞;7 画;一
801;坝;7 画;一
802;贡;7 画;一
803;攻;7 画;一
804;赤;7 画;一
805;圻;7 画;一
806;折;7 画;一
807;抓;7 画;一
808;扳;7 画;一
809;坂;7 画;一
810;抡;7 画;一
811;扮;7 画;一
812;抢;7 画;一
813;扺;7 画;一
814;孝;7 画;一
815;坎;7 画;一
816;坍;7 画;一
817;均;7 画;一
818;坞;7 画;一
819;抑;7 画;一
820;抛;7 画;一
821;投;7 画;一
822;抃;7 画;一
823;坟;7 画;一
824;坑;7 画;一
825;抗;7 画;一
826;坊;7 画;一
827;抖;7 画;一
828;护;7 画;一
829;壳;7 画;一
830;志;7 画;一
831;扭;7 画;一
832;块;7 画;一
833;抉;7 画;一
834;声;7 画;一
835;把;7 画;一
836;报;7 画;一
837;拟;7 画;一
838;抒;7 画;一
839;却;7 画;一
840;劫;7 画;一
841;毐;7 画;一
842;芙;7 画;一
843;芫;7 画;一
844;芜;7 画;一
845;苇;7 画;一
846;邯;7 画;一
847;芸;7 画;一
848;芾;7 画;一
849;芰;7 画;一
850;苈;7 画;一
851;苊;7 画;一
852;苣;7 画;一
853;芽;7 画;一
854;芷;7 画;一
855;芮;7 画;一
856;苋;7 画;一
857;芼;7 画;一
858;苌;7 画;一
859;花;7 画;一
860;芹;7 画;一
861;芥;7 画;一
862;苁;7 画;一
863;芩;7 画;一
864;芬;7 画;一
865;苍;7 画;一
866;芪;7 画;一
867;芴;7 画;一
868;芡;7 画;一
869;芟;7 画;一
870;苄;7 画;一
871;芳;7 画;一
872;严;7 画;一
873;苎;7 画;一
874;芦;7 画;一
875;芯;7 画;一
876;劳;7 画;一
877;克;7 画;一
878;芭;7 画;一
879;苏;7 画;一
880;苡;7 画;一
881;杆;7 画;一
882;杜;7 画;一
883;杠;7 画;一
884;材;7 画;一
885;村;7 画;一
886;杖;7 画;一
887;杌;7 画;一
888;杏;7 画;一
889;杉;7 画;一
890;巫;7 画;一
891;杓;7 画;一
892;极;7 画;一
893;杧;7 画;一
894;杞;7 画;一
895;李;7 画;一
896;杨;7 画;一
897;杈;7 画;一
898;求;7 画;一
899;忑;7 画;一
900;孛;7 画;一
901;甫;7 画;一
902;匣;7 画;一
903;更;7 画;一
904;束;7 画;一
905;吾;7 画;一
906;豆;7 画;一
907;两;7 画;一
908;邴;7 画;一
909;酉;7 画;一
910;丽;7 画;一
911;医;7 画;一
912;辰;7 画;一
913;励;7 画;一
914;邳;7 画;一
915;否;7 画;一
916;还;7 画;一
917;矶;7 画;一
918;奁;7 画;一
919;豕;7 画;一
920;尬;7 画;一
921;歼;7 画;一
922;来;7 画;一
923;忒;7 画;一
924;连;7 画;一
925;欤;7 画;一
926;轩;7 画;一
927;轪;7 画;一
928;轫;7 画;一
929;迓;7 画;一
930;邶;7 画;丨
931;忐;7 画;丨
932;芈;7 画;丨
933;步;7 画;丨
934;卤;7 画;丨
935;卣;7 画;丨
936;邺;7 画;丨
937;坚;7 画;丨
938;肖;7 画;丨
939;旰;7 画;丨
940;旱;7 画;丨
941;盯;7 画;丨
942;呈;7 画;丨
943;时;7 画;丨
944;吴;7 画;丨
945;呋;7 画;丨
946;助;7 画;丨
947;县;7 画;丨
948;里;7 画;丨
949;呓;7 画;丨
950;呆;7 画;丨
951;吱;7 画;丨
952;吠;7 画;丨
953;呔;7 画;丨
954;呕;7 画;丨
955;园;7 画;丨
956;呖;7 画;丨
957;呃;7 画;丨
958;旷;7 画;丨
959;围;7 画;丨
960;呀;7 画;丨
961;吨;7 画;丨
962;旸;7 画;丨
963;吡;7 画;丨
964;町;7 画;丨
965;足;7 画;丨
966;虬;7 画;丨
967;邮;7 画;丨
968;男;7 画;丨
969;困;7 画;丨
970;吵;7 画;丨
971;串;7 画;丨
972;呙;7 画;丨
973;呐;7 画;丨
974;呗;7 画;丨
975;员;7 画;丨
976;听;7 画;丨
977;吟;7 画;丨
978;吩;7 画;丨
979;呛;7 画;丨
980;吻;7 画;丨
981;吹;7 画;丨
982;呜;7 画;丨
983;吭;7 画;丨
984;吣;7 画;丨
985;吲;7 画;丨
986;吼;7 画;丨
987;邑;7 画;丨
988;吧;7 画;丨
989;囤;7 画;丨
990;别;7 画;丨
991;吮;7 画;丨
992;岍;7 画;丨
993;帏;7 画;丨
994;岐;7 画;丨
995;岖;7 画;丨
996;岈;7 画;丨
997;岗;7 画;丨
998;岘;7 画;丨
999;帐;7 画;丨
1000;岑;7 画;丨
1001;岚;7 画;丨
1002;兕;7 画;丨
1003;财;7 画;丨
1004;囵;7 画;丨
1005;囫;7 画;丨
1006;钉;7 画;丿
1007;针;7 画;丿
1008;钊;7 画;丿
1009;钋;7 画;丿
1010;钌;7 画;丿
1011;迕;7 画;丿
1012;氙;7 画;丿
1013;氚;7 画;丿
1014;牡;7 画;丿
1015;告;7 画;丿
1016;我;7 画;丿
1017;乱;7 画;丿
1018;利;7 画;丿
1019;秃;7 画;丿
1020;秀;7 画;丿
1021;私;7 画;丿
1022;岙;7 画;丿
1023;每;7 画;丿
1024;佞;7 画;丿
1025;兵;7 画;丿
1026;邱;7 画;丿
1027;估;7 画;丿
1028;体;7 画;丿
1029;何;7 画;丿
1030;佐;7 画;丿
1031;伾;7 画;丿
1032;佑;7 画;丿
1033;攸;7 画;丿
1034;但;7 画;丿
1035;伸;7 画;丿
1036;佃;7 画;丿
1037;佚;7 画;丿
1038;作;7 画;丿
1039;伯;7 画;丿
1040;伶;7 画;丿
1041;佣;7 画;丿
1042;低;7 画;丿
1043;你;7 画;丿
1044;佝;7 画;丿
1045;佟;7 画;丿
1046;住;7 画;丿
1047;位;7 画;丿
1048;伴;7 画;丿
1049;佗;7 画;丿
1050;身;7 画;丿
1051;皂;7 画;丿
1052;伺;7 画;丿
1053;佛;7 画;丿
1054;伽;7 画;丿
1055;囱;7 画;丿
1056;近;7 画;丿
1057;彻;7 画;丿
1058;役;7 画;丿
1059;彷;7 画;丿
1060;返;7 画;丿
1061;佘;7 画;丿
1062;余;7 画;丿
1063;希;7 画;丿
1064;佥;7 画;丿
1065;坐;7 画;丿
1066;谷;7 画;丿
1067;孚;7 画;丿
1068;妥;7 画;丿
1069;豸;7 画;丿
1070;含;7 画;丿
1071;邻;7 画;丿
1072;坌;7 画;丿
1073;岔;7 画;丿
1074;肝;7 画;丿
1075;肟;7 画;丿
1076;肛;7 画;丿
1077;肚;7 画;丿
1078;肘;7 画;丿
1079;肠;7 画;丿
1080;邸;7 画;丿
1081;龟;7 画;丿
1082;甸;7 画;丿
1083;奂;7 画;丿
1084;免;7 画;丿
1085;劬;7 画;丿
1086;狂;7 画;丿
1087;犹;7 画;丿
1088;狈;7 画;丿
1089;狄;7 画;丿
1090;角;7 画;丿
1091;删;7 画;丿
1092;狃;7 画;丿
1093;狁;7 画;丿
1094;鸠;7 画;丿
1095;条;7 画;丿
1096;彤;7 画;丿
1097;卵;7 画;丿
1098;灸;7 画;丿
1099;岛;7 画;丿
1100;邹;7 画;丿
1101;刨;7 画;丿
1102;饨;7 画;丿
1103;迎;7 画;丿
1104;饩;7 画;丿
1105;饪;7 画;丿
1106;饫;7 画;丿
1107;饬;7 画;丿
1108;饭;7 画;丿
1109;饮;7 画;丿
1110;系;7 画;丿
1111;言;7 画;丶
1112;冻;7 画;丶
1113;状;7 画;丶
1114;亩;7 画;丶
1115;况;7 画;丶
1116;亨;7 画;丶
1117;庑;7 画;丶
1118;床;7 画;丶
1119;庋;7 画;丶
1120;库;7 画;丶
1121;庇;7 画;丶
1122;疔;7 画;丶
1123;疖;7 画;丶
1124;疗;7 画;丶
1125;吝;7 画;丶
1126;应;7 画;丶
1127;冷;7 画;丶
1128;这;7 画;丶
1129;庐;7 画;丶
1130;序;7 画;丶
1131;辛;7 画;丶
1132;肓;7 画;丶
1133;弃;7 画;丶
1134;冶;7 画;丶
1135;忘;7 画;丶
1136;闰;7 画;丶
1137;闱;7 画;丶
1138;闲;7 画;丶
1139;闳;7 画;丶
1140;间;7 画;丶
1141;闵;7 画;丶
1142;闶;7 画;丶
1143;闷;7 画;丶
1144;羌;7 画;丶
1145;判;7 画;丶
1146;兑;7 画;丶
1147;灶;7 画;丶
1148;灿;7 画;丶
1149;灼;7 画;丶
1150;炀;7 画;丶
1151;弟;7 画;丶
1152;沣;7 画;丶
1153;汪;7 画;丶
1154;沅;7 画;丶
1155;沄;7 画;丶
1156;沐;7 画;丶
1157;沛;7 画;丶
1158;沔;7 画;丶
1159;汰;7 画;丶
1160;沤;7 画;丶
1161;沥;7 画;丶
1162;沌;7 画;丶
1163;沘;7 画;丶
1164;沏;7 画;丶
1165;沚;7 画;丶
1166;沙;7 画;丶
1167;汩;7 画;丶
1168;汨;7 画;丶
1169;汭;7 画;丶
1170;汽;7 画;丶
1171;沃;7 画;丶
1172;沂;7 画;丶
1173;沦;7 画;丶
1174;汹;7 画;丶
1175;汾;7 画;丶
1176;泛;7 画;丶
1177;沧;7 画;丶
1178;沨;7 画;丶
1179;沟;7 画;丶
1180;没;7 画;丶
1181;汴;7 画;丶
1182;汶;7 画;丶
1183;沆;7 画;丶
1184;沩;7 画;丶
1185;沪;7 画;丶
1186;沈;7 画;丶
1187;沉;7 画;丶
1188;沁;7 画;丶
1189;泐;7 画;丶
1190;怃;7 画;丶
1191;忮;7 画;丶
1192;怀;7 画;丶
1193;怄;7 画;丶
1194;忧;7 画;丶
1195;忡;7 画;丶
1196;忤;7 画;丶
1197;忾;7 画;丶
1198;怅;7 画;丶
1199;忻;7 画;丶
1200;忪;7 画;丶
1201;怆;7 画;丶
1202;忭;7 画;丶
1203;忱;7 画;丶
1204;快;7 画;丶
1205;忸;7 画;丶
1206;完;7 画;丶
1207;宋;7 画;丶
1208;宏;7 画;丶
1209;牢;7 画;丶
1210;究;7 画;丶
1211;穷;7 画;丶
1212;灾;7 画;丶
1213;良;7 画;丶
1214;证;7 画;丶
1215;诂;7 画;丶
1216;诃;7 画;丶
1217;启;7 画;丶
1218;评;7 画;丶
1219;补;7 画;丶
1220;初;7 画;丶
1221;社;7 画;丶
1222;祀;7 画;丶
1223;祃;7 画;丶
1224;诅;7 画;丶
1225;识;7 画;丶
1226;诈;7 画;丶
1227;诉;7 画;丶
1228;罕;7 画;丶
1229;诊;7 画;丶
1230;诋;7 画;丶
1231;诌;7 画;丶
1232;词;7 画;丶
1233;诎;7 画;丶
1234;诏;7 画;丶
1235;诐;7 画;丶
1236;译;7 画;丶
1237;诒;7 画;丶
1238;君;7 画;乛
1239;灵;7 画;乛
1240;即;7 画;乛
1241;层;7 画;乛
1242;屁;7 画;乛
1243;屃;7 画;乛
1244;尿;7 画;乛
1245;尾;7 画;乛
1246;迟;7 画;乛
1247;局;7 画;乛
1248;改;7 画;乛
1249;张;7 画;乛
1250;忌;7 画;乛
1251;际;7 画;乛
1252;陆;7 画;乛
1253;阿;7 画;乛
1254;孜;7 画;乛
1255;陇;7 画;乛
1256;陈;7 画;乛
1257;阽;7 画;乛
1258;阻;7 画;乛
1259;阼;7 画;乛
1260;附;7 画;乛
1261;坠;7 画;乛
1262;陀;7 画;乛
1263;陂;7 画;乛
1264;陉;7 画;乛
1265;妍;7 画;乛
1266;妩;7 画;乛
1267;妓;7 画;乛
1268;妪;7 画;乛
1269;妣;7 画;乛
1270;妙;7 画;乛
1271;妊;7 画;乛
1272;妖;7 画;乛
1273;妗;7 画;乛
1274;姊;7 画;乛
1275;妨;7 画;乛
1276;妫;7 画;乛
1277;妒;7 画;乛
1278;妞;7 画;乛
1279;姒;7 画;乛
1280;妤;7 画;乛
1281;努;7 画;乛
1282;邵;7 画;乛
1283;劭;7 画;乛
1284;忍;7 画;乛
1285;刭;7 画;乛
1286;劲;7 画;乛
1287;甬;7 画;乛
1288;邰;7 画;乛
1289;矣;7 画;乛
1290;鸡;7 画;乛
1291;纬;7 画;乛
1292;纭;7 画;乛
1293;驱;7 画;乛
1294;纯;7 画;乛
1295;纰;7 画;乛
1296;纱;7 画;乛
1297;纲;7 画;乛
1298;纳;7 画;乛
1299;纴;7 画;乛
1300;纵;7 画;乛
1301;驳;7 画;乛
1302;纶;7 画;乛
1303;纷;7 画;乛
1304;纸;7 画;乛
1305;纹;7 画;乛
1306;纺;7 画;乛
1307;纻;7 画;乛
1308;驴;7 画;乛
1309;纽;7 画;乛
1310;纾;7 画;乛
1311;奉;8 画;一
1312;玩;8 画;一
1313;玮;8 画;一
1314;环;8 画;一
1315;玡;8 画;一
1316;武;8 画;一
1317;青;8 画;一
1318;责;8 画;一
1319;现;8 画;一
1320;玫;8 画;一
1321;玠;8 画;一
1322;玢;8 画;一
1323;玥;8 画;一
1324;表;8 画;一
1325;玦;8 画;一
1326;甙;8 画;一
1327;盂;8 画;一
1328;忝;8 画;一
1329;规;8 画;一
1330;匦;8 画;一
1331;抹;8 画;一
1332;卦;8 画;一
1333;邽;8 画;一
1334;坩;8 画;一
1335;坷;8 画;一
1336;坯;8 画;一
1337;拓;8 画;一
1338;垅;8 画;一
1339;拢;8 画;一
1340;拔;8 画;一
1341;抨;8 画;一
1342;坪;8 画;一
1343;拣;8 画;一
1344;拤;8 画;一
1345;拈;8 画;一
1346;坫;8 画;一
1347;垆;8 画;一
1348;坦;8 画;一
1349;担;8 画;一
1350;坤;8 画;一
1351;押;8 画;一
1352;抻;8 画;一
1353;抽;8 画;一
1354;拐;8 画;一
1355;拃;8 画;一
1356;拖;8 画;一
1357;拊;8 画;一
1358;者;8 画;一
1359;拍;8 画;一
1360;顶;8 画;一
1361;坼;8 画;一
1362;拆;8 画;一
1363;拎;8 画;一
1364;拥;8 画;一
1365;抵;8 画;一
1366;坻;8 画;一
1367;拘;8 画;一
1368;势;8 画;一
1369;抱;8 画;一
1370;拄;8 画;一
1371;垃;8 画;一
1372;拉;8 画;一
1373;拦;8 画;一
1374;幸;8 画;一
1375;拌;8 画;一
1376;拧;8 画;一
1377;坨;8 画;一
1378;坭;8 画;一
1379;抿;8 画;一
1380;拂;8 画;一
1381;拙;8 画;一
1382;招;8 画;一
1383;坡;8 画;一
1384;披;8 画;一
1385;拨;8 画;一
1386;择;8 画;一
1387;拚;8 画;一
1388;抬;8 画;一
1389;拇;8 画;一
1390;坳;8 画;一
1391;拗;8 画;一
1392;耵;8 画;一
1393;其;8 画;一
1394;耶;8 画;一
1395;取;8 画;一
1396;茉;8 画;一
1397;苷;8 画;一
1398;苦;8 画;一
1399;苯;8 画;一
1400;昔;8 画;一
1401;苛;8 画;一
1402;苤;8 画;一
1403;若;8 画;一
1404;茂;8 画;一
1405;茏;8 画;一
1406;苹;8 画;一
1407;苫;8 画;一
1408;苴;8 画;一
1409;苜;8 画;一
1410;苗;8 画;一
1411;英;8 画;一
1412;苒;8 画;一
1413;苘;8 画;一
1414;茌;8 画;一
1415;苻;8 画;一
1416;苓;8 画;一
1417;茚;8 画;一
1418;苟;8 画;一
1419;茆;8 画;一
1420;茑;8 画;一
1421;苑;8 画;一
1422;苞;8 画;一
1423;范;8 画;一
1424;茓;8 画;一
1425;茔;8 画;一
1426;茕;8 画;一
1427;直;8 画;一
1428;苠;8 画;一
1429;茀;8 画;一
1430;茁;8 画;一
1431;茄;8 画;一
1432;苕;8 画;一
1433;茎;8 画;一
1434;苔;8 画;一
1435;茅;8 画;一
1436;枉;8 画;一
1437;林;8 画;一
1438;枝;8 画;一
1439;杯;8 画;一
1440;枢;8 画;一
1441;枥;8 画;一
1442;柜;8 画;一
1443;枇;8 画;一
1444;杪;8 画;一
1445;杳;8 画;一
1446;枘;8 画;一
1447;枧;8 画;一
1448;杵;8 画;一
1449;枚;8 画;一
1450;枨;8 画;一
1451;析;8 画;一
1452;板;8 画;一
1453;枞;8 画;一
1454;松;8 画;一
1455;枪;8 画;一
1456;枫;8 画;一
1457;构;8 画;一
1458;杭;8 画;一
1459;枋;8 画;一
1460;杰;8 画;一
1461;述;8 画;一
1462;枕;8 画;一
1463;杻;8 画;一
1464;杷;8 画;一
1465;杼;8 画;一
1466;丧;8 画;一
1467;或;8 画;一
1468;画;8 画;一
1469;卧;8 画;一
1470;事;8 画;一
1471;刺;8 画;一
1472;枣;8 画;一
1473;雨;8 画;一
1474;卖;8 画;一
1475;矸;8 画;一
1476;郁;8 画;一
1477;矻;8 画;一
1478;矾;8 画;一
1479;矽;8 画;一
1480;矿;8 画;一
1481;砀;8 画;一
1482;码;8 画;一
1483;厕;8 画;一
1484;奈;8 画;一
1485;刳;8 画;一
1486;奔;8 画;一
1487;奇;8 画;一
1488;奄;8 画;一
1489;奋;8 画;一
1490;态;8 画;一
1491;瓯;8 画;一
1492;欧;8 画;一
1493;殴;8 画;一
1494;垄;8 画;一
1495;殁;8 画;一
1496;郏;8 画;一
1497;妻;8 画;一
1498;轰;8 画;一
1499;顷;8 画;一
1500;转;8 画;一
1501;轭;8 画;一
1502;斩;8 画;一
1503;轮;8 画;一
1504;软;8 画;一
1505;到;8 画;一
1506;郅;8 画;一
1507;鸢;8 画;一
1508;非;8 画;丨
1509;叔;8 画;丨
1510;歧;8 画;丨
1511;肯;8 画;丨
1512;齿;8 画;丨
1513;些;8 画;丨
1514;卓;8 画;丨
1515;虎;8 画;丨
1516;虏;8 画;丨
1517;肾;8 画;丨
1518;贤;8 画;丨
1519;尚;8 画;丨
1520;盱;8 画;丨
1521;旺;8 画;丨
1522;具;8 画;丨
1523;昊;8 画;丨
1524;昙;8 画;丨
1525;果;8 画;丨
1526;味;8 画;丨
1527;杲;8 画;丨
1528;昃;8 画;丨
1529;昆;8 画;丨
1530;国;8 画;丨
1531;哎;8 画;丨
1532;咕;8 画;丨
1533;昌;8 画;丨
1534;呵;8 画;丨
1535;咂;8 画;丨
1536;畅;8 画;丨
1537;呸;8 画;丨
1538;昕;8 画;丨
1539;明;8 画;丨
1540;易;8 画;丨
1541;咙;8 画;丨
1542;昀;8 画;丨
1543;昂;8 画;丨
1544;旻;8 画;丨
1545;昉;8 画;丨
1546;炅;8 画;丨
1547;咔;8 画;丨
1548;畀;8 画;丨
1549;虮;8 画;丨
1550;迪;8 画;丨
1551;典;8 画;丨
1552;固;8 画;丨
1553;忠;8 画;丨
1554;咀;8 画;丨
1555;呷;8 画;丨
1556;呻;8 画;丨
1557;黾;8 画;丨
1558;咒;8 画;丨
1559;咋;8 画;丨
1560;咐;8 画;丨
1561;呱;8 画;丨
1562;呼;8 画;丨
1563;呤;8 画;丨
1564;咚;8 画;丨
1565;鸣;8 画;丨
1566;咆;8 画;丨
1567;咛;8 画;丨
1568;咏;8 画;丨
1569;呢;8 画;丨
1570;咄;8 画;丨
1571;呶;8 画;丨
1572;咖;8 画;丨
1573;呦;8 画;丨
1574;咝;8 画;丨
1575;岵;8 画;丨
1576;岢;8 画;丨
1577;岸;8 画;丨
1578;岩;8 画;丨
1579;帖;8 画;丨
1580;罗;8 画;丨
1581;岿;8 画;丨
1582;岬;8 画;丨
1583;岫;8 画;丨
1584;帜;8 画;丨
1585;帙;8 画;丨
1586;帕;8 画;丨
1587;岭;8 画;丨
1588;岣;8 画;丨
1589;峁;8 画;丨
1590;刿;8 画;丨
1591;峂;8 画;丨
1592;迥;8 画;丨
1593;岷;8 画;丨
1594;剀;8 画;丨
1595;凯;8 画;丨
1596;帔;8 画;丨
1597;峄;8 画;丨
1598;沓;8 画;丨
1599;败;8 画;丨
1600;账;8 画;丨
1601;贩;8 画;丨
1602;贬;8 画;丨
1603;购;8 画;丨
1604;贮;8 画;丨
1605;囹;8 画;丨
1606;图;8 画;丨
1607;罔;8 画;丨
1608;钍;8 画;丿
1609;钎;8 画;丿
1610;钏;8 画;丿
1611;钐;8 画;丿
1612;钓;8 画;丿
1613;钒;8 画;丿
1614;钔;8 画;丿
1615;钕;8 画;丿
1616;钗;8 画;丿
1617;邾;8 画;丿
1618;制;8 画;丿
1619;知;8 画;丿
1620;迭;8 画;丿
1621;氛;8 画;丿
1622;迮;8 画;丿
1623;垂;8 画;丿
1624;牦;8 画;丿
1625;牧;8 画;丿
1626;物;8 画;丿
1627;乖;8 画;丿
1628;刮;8 画;丿
1629;秆;8 画;丿
1630;和;8 画;丿
1631;季;8 画;丿
1632;委;8 画;丿
1633;竺;8 画;丿
1634;秉;8 画;丿
1635;迤;8 画;丿
1636;佳;8 画;丿
1637;侍;8 画;丿
1638;佶;8 画;丿
1639;岳;8 画;丿
1640;佬;8 画;丿
1641;佴;8 画;丿
1642;供;8 画;丿
1643;使;8 画;丿
1644;侑;8 画;丿
1645;佰;8 画;丿
1646;侉;8 画;丿
1647;例;8 画;丿
1648;侠;8 画;丿
1649;臾;8 画;丿
1650;侥;8 画;丿
1651;版;8 画;丿
1652;侄;8 画;丿
1653;岱;8 画;丿
1654;侦;8 画;丿
1655;侣;8 画;丿
1656;侗;8 画;丿
1657;侃;8 画;丿
1658;侧;8 画;丿
1659;侏;8 画;丿
1660;凭;8 画;丿
1661;侨;8 画;丿
1662;侩;8 画;丿
1663;佻;8 画;丿
1664;佾;8 画;丿
1665;佩;8 画;丿
1666;货;8 画;丿
1667;侈;8 画;丿
1668;侪;8 画;丿
1669;佼;8 画;丿
1670;依;8 画;丿
1671;佯;8 画;丿
1672;侬;8 画;丿
1673;帛;8 画;丿
1674;卑;8 画;丿
1675;的;8 画;丿
1676;迫;8 画;丿
1677;阜;8 画;丿
1678;侔;8 画;丿
1679;质;8 画;丿
1680;欣;8 画;丿
1681;郈;8 画;丿
1682;征;8 画;丿
1683;徂;8 画;丿
1684;往;8 画;丿
1685;爬;8 画;丿
1686;彼;8 画;丿
1687;径;8 画;丿
1688;所;8 画;丿
1689;舍;8 画;丿
1690;金;8 画;丿
1691;刽;8 画;丿
1692;郐;8 画;丿
1693;刹;8 画;丿
1694;命;8 画;丿
1695;肴;8 画;丿
1696;郄;8 画;丿
1697;斧;8 画;丿
1698;怂;8 画;丿
1699;爸;8 画;丿
1700;采;8 画;丿
1701;籴;8 画;丿
1702;觅;8 画;丿
1703;受;8 画;丿
1704;乳;8 画;丿
1705;贪;8 画;丿
1706;念;8 画;丿
1707;贫;8 画;丿
1708;忿;8 画;丿
1709;瓮;8 画;丿
1710;戗;8 画;丿
1711;肼;8 画;丿
1712;肤;8 画;丿
1713;朊;8 画;丿
1714;肺;8 画;丿
1715;肢;8 画;丿
1716;肽;8 画;丿
1717;肱;8 画;丿
1718;肫;8 画;丿
1719;肿;8 画;丿
1720;肭;8 画;丿
1721;胀;8 画;丿
1722;朋;8 画;丿
1723;肷;8 画;丿
1724;股;8 画;丿
1725;肮;8 画;丿
1726;肪;8 画;丿
1727;肥;8 画;丿
1728;服;8 画;丿
1729;胁;8 画;丿
1730;周;8 画;丿
1731;剁;8 画;丿
1732;昏;8 画;丿
1733;迩;8 画;丿
1734;郇;8 画;丿
1735;鱼;8 画;丿
1736;兔;8 画;丿
1737;狉;8 画;丿
1738;狙;8 画;丿
1739;狎;8 画;丿
1740;狐;8 画;丿
1741;忽;8 画;丿
1742;狝;8 画;丿
1743;狗;8 画;丿
1744;狍;8 画;丿
1745;狞;8 画;丿
1746;狒;8 画;丿
1747;咎;8 画;丿
1748;备;8 画;丿
1749;炙;8 画;丿
1750;枭;8 画;丿
1751;饯;8 画;丿
1752;饰;8 画;丿
1753;饱;8 画;丿
1754;饲;8 画;丿
1755;饳;8 画;丿
1756;饴;8 画;丿
1757;冽;8 画;丶
1758;变;8 画;丶
1759;京;8 画;丶
1760;享;8 画;丶
1761;冼;8 画;丶
1762;庞;8 画;丶
1763;店;8 画;丶
1764;夜;8 画;丶
1765;庙;8 画;丶
1766;府;8 画;丶
1767;底;8 画;丶
1768;庖;8 画;丶
1769;疟;8 画;丶
1770;疠;8 画;丶
1771;疝;8 画;丶
1772;疙;8 画;丶
1773;疚;8 画;丶
1774;疡;8 画;丶
1775;剂;8 画;丶
1776;卒;8 画;丶
1777;郊;8 画;丶
1778;兖;8 画;丶
1779;庚;8 画;丶
1780;废;8 画;丶
1781;净;8 画;丶
1782;妾;8 画;丶
1783;盲;8 画;丶
1784;放;8 画;丶
1785;於;8 画;丶
1786;刻;8 画;丶
1787;劾;8 画;丶
1788;育;8 画;丶
1789;氓;8 画;丶
1790;闸;8 画;丶
1791;闹;8 画;丶
1792;郑;8 画;丶
1793;券;8 画;丶
1794;卷;8 画;丶
1795;单;8 画;丶
1796;炜;8 画;丶
1797;炬;8 画;丶
1798;炖;8 画;丶
1799;炒;8 画;丶
1800;炝;8 画;丶
1801;炊;8 画;丶
1802;炕;8 画;丶
1803;炎;8 画;丶
1804;炉;8 画;丶
1805;炔;8 画;丶
1806;沫;8 画;丶
1807;浅;8 画;丶
1808;法;8 画;丶
1809;泔;8 画;丶
1810;泄;8 画;丶
1811;沽;8 画;丶
1812;沭;8 画;丶
1813;河;8 画;丶
1814;泷;8 画;丶
1815;沾;8 画;丶
1816;泸;8 画;丶
1817;沮;8 画;丶
1818;泪;8 画;丶
1819;油;8 画;丶
1820;泱;8 画;丶
1821;泅;8 画;丶
1822;泗;8 画;丶
1823;泊;8 画;丶
1824;泠;8 画;丶
1825;泜;8 画;丶
1826;泺;8 画;丶
1827;泃;8 画;丶
1828;沿;8 画;丶
1829;泖;8 画;丶
1830;泡;8 画;丶
1831;注;8 画;丶
1832;泣;8 画;丶
1833;泫;8 画;丶
1834;泮;8 画;丶
1835;泞;8 画;丶
1836;沱;8 画;丶
1837;泻;8 画;丶
1838;泌;8 画;丶
1839;泳;8 画;丶
1840;泥;8 画;丶
1841;泯;8 画;丶
1842;沸;8 画;丶
1843;泓;8 画;丶
1844;沼;8 画;丶
1845;波;8 画;丶
1846;泼;8 画;丶
1847;泽;8 画;丶
1848;泾;8 画;丶
1849;治;8 画;丶
1850;怔;8 画;丶
1851;怯;8 画;丶
1852;怙;8 画;丶
1853;怵;8 画;丶
1854;怖;8 画;丶
1855;怦;8 画;丶
1856;怛;8 画;丶
1857;怏;8 画;丶
1858;性;8 画;丶
1859;怍;8 画;丶
1860;怕;8 画;丶
1861;怜;8 画;丶
1862;怩;8 画;丶
1863;怫;8 画;丶
1864;怊;8 画;丶
1865;怿;8 画;丶
1866;怪;8 画;丶
1867;怡;8 画;丶
1868;学;8 画;丶
1869;宝;8 画;丶
1870;宗;8 画;丶
1871;定;8 画;丶
1872;宕;8 画;丶
1873;宠;8 画;丶
1874;宜;8 画;丶
1875;审;8 画;丶
1876;宙;8 画;丶
1877;官;8 画;丶
1878;空;8 画;丶
1879;帘;8 画;丶
1880;穸;8 画;丶
1881;穹;8 画;丶
1882;宛;8 画;丶
1883;实;8 画;丶
1884;宓;8 画;丶
1885;诓;8 画;丶
1886;诔;8 画;丶
1887;试;8 画;丶
1888;郎;8 画;丶
1889;诖;8 画;丶
1890;诗;8 画;丶
1891;诘;8 画;丶
1892;戾;8 画;丶
1893;肩;8 画;丶
1894;房;8 画;丶
1895;诙;8 画;丶
1896;戽;8 画;丶
1897;诚;8 画;丶
1898;郓;8 画;丶
1899;衬;8 画;丶
1900;衫;8 画;丶
1901;衩;8 画;丶
1902;祆;8 画;丶
1903;祎;8 画;丶
1904;祉;8 画;丶
1905;视;8 画;丶
1906;祈;8 画;丶
1907;诛;8 画;丶
1908;诜;8 画;丶
1909;话;8 画;丶
1910;诞;8 画;丶
1911;诟;8 画;丶
1912;诠;8 画;丶
1913;诡;8 画;丶
1914;询;8 画;丶
1915;诣;8 画;丶
1916;诤;8 画;丶
1917;该;8 画;丶
1918;详;8 画;丶
1919;诧;8 画;丶
1920;诨;8 画;丶
1921;诩;8 画;丶
1922;建;8 画;乛
1923;肃;8 画;乛
1924;隶;8 画;乛
1925;录;8 画;乛
1926;帚;8 画;乛
1927;屉;8 画;乛
1928;居;8 画;乛
1929;届;8 画;乛
1930;刷;8 画;乛
1931;鸤;8 画;乛
1932;屈;8 画;乛
1933;弧;8 画;乛
1934;弥;8 画;乛
1935;弦;8 画;乛
1936;承;8 画;乛
1937;孟;8 画;乛
1938;陋;8 画;乛
1939;戕;8 画;乛
1940;陌;8 画;乛
1941;孤;8 画;乛
1942;孢;8 画;乛
1943;陕;8 画;乛
1944;亟;8 画;乛
1945;降;8 画;乛
1946;函;8 画;乛
1947;陔;8 画;乛
1948;限;8 画;乛
1949;卺;8 画;乛
1950;妹;8 画;乛
1951;姑;8 画;乛
1952;姐;8 画;乛
1953;妲;8 画;乛
1954;妯;8 画;乛
1955;姓;8 画;乛
1956;姗;8 画;乛
1957;妮;8 画;乛
1958;始;8 画;乛
1959;帑;8 画;乛
1960;弩;8 画;乛
1961;孥;8 画;乛
1962;驽;8 画;乛
1963;姆;8 画;乛
1964;虱;8 画;乛
1965;迦;8 画;乛
1966;迢;8 画;乛
1967;驾;8 画;乛
1968;叁;8 画;乛
1969;参;8 画;乛
1970;迨;8 画;乛
1971;艰;8 画;乛
1972;线;8 画;乛
1973;绀;8 画;乛
1974;绁;8 画;乛
1975;绂;8 画;乛
1976;练;8 画;乛
1977;驵;8 画;乛
1978;组;8 画;乛
1979;绅;8 画;乛
1980;细;8 画;乛
1981;驶;8 画;乛
1982;织;8 画;乛
1983;驷;8 画;乛
1984;驸;8 画;乛
1985;驹;8 画;乛
1986;终;8 画;乛
1987;绉;8 画;乛
1988;驺;8 画;乛
1989;驻;8 画;乛
1990;绊;8 画;乛
1991;驼;8 画;乛
1992;绋;8 画;乛
1993;绌;8 画;乛
1994;绍;8 画;乛
1995;驿;8 画;乛
1996;绎;8 画;乛
1997;经;8 画;乛
1998;骀;8 画;乛
1999;贯;8 画;乛
2000;甾;8 画;乛
2001;砉;9 画;一
2002;耔;9 画;一
2003;契;9 画;一
2004;贰;9 画;一
2005;奏;9 画;一
2006;春;9 画;一
2007;帮;9 画;一
2008;珏;9 画;一
2009;珐;9 画;一
2010;珂;9 画;一
2011;珑;9 画;一
2012;玷;9 画;一
2013;玳;9 画;一
2014;珀;9 画;一
2015;顸;9 画;一
2016;珍;9 画;一
2017;玲;9 画;一
2018;珊;9 画;一
2019;珉;9 画;一
2020;珈;9 画;一
2021;玻;9 画;一
2022;毒;9 画;一
2023;型;9 画;一
2024;韨;9 画;一
2025;拭;9 画;一
2026;挂;9 画;一
2027;封;9 画;一
2028;持;9 画;一
2029;拮;9 画;一
2030;拷;9 画;一
2031;拱;9 画;一
2032;垭;9 画;一
2033;挝;9 画;一
2034;垣;9 画;一
2035;项;9 画;一
2036;垮;9 画;一
2037;挎;9 画;一
2038;垯;9 画;一
2039;挞;9 画;一
2040;城;9 画;一
2041;挟;9 画;一
2042;挠;9 画;一
2043;垤;9 画;一
2044;政;9 画;一
2045;赴;9 画;一
2046;赵;9 画;一
2047;赳;9 画;一
2048;贲;9 画;一
2049;垱;9 画;一
2050;挡;9 画;一
2051;拽;9 画;一
2052;垌;9 画;一
2053;哉;9 画;一
2054;垲;9 画;一
2055;挺;9 画;一
2056;括;9 画;一
2057;挢;9 画;一
2058;埏;9 画;一
2059;郝;9 画;一
2060;垍;9 画;一
2061;垧;9 画;一
2062;垢;9 画;一
2063;拴;9 画;一
2064;拾;9 画;一
2065;挑;9 画;一
2066;垛;9 画;一
2067;指;9 画;一
2068;垫;9 画;一
2069;挣;9 画;一
2070;挤;9 画;一
2071;垓;9 画;一
2072;垟;9 画;一
2073;拼;9 画;一
2074;垞;9 画;一
2075;挖;9 画;一
2076;按;9 画;一
2077;挥;9 画;一
2078;挦;9 画;一
2079;挪;9 画;一
2080;垠;9 画;一
2081;拯;9 画;一
2082;拶;9 画;一
2083;某;9 画;一
2084;甚;9 画;一
2085;荆;9 画;一
2086;茸;9 画;一
2087;革;9 画;一
2088;茜;9 画;一
2089;茬;9 画;一
2090;荐;9 画;一
2091;荙;9 画;一
2092;巷;9 画;一
2093;荚;9 画;一
2094;荑;9 画;一
2095;贳;9 画;一
2096;荛;9 画;一
2097;荜;9 画;一
2098;茈;9 画;一
2099;带;9 画;一
2100;草;9 画;一
2101;茧;9 画;一
2102;茼;9 画;一
2103;莒;9 画;一
2104;茵;9 画;一
2105;茴;9 画;一
2106;茱;9 画;一
2107;莛;9 画;一
2108;荞;9 画;一
2109;茯;9 画;一
2110;荏;9 画;一
2111;荇;9 画;一
2112;荃;9 画;一
2113;荟;9 画;一
2114;茶;9 画;一
2115;荀;9 画;一
2116;茗;9 画;一
2117;荠;9 画;一
2118;茭;9 画;一
2119;茨;9 画;一
2120;荒;9 画;一
2121;垩;9 画;一
2122;茳;9 画;一
2123;茫;9 画;一
2124;荡;9 画;一
2125;荣;9 画;一
2126;荤;9 画;一
2127;荥;9 画;一
2128;荦;9 画;一
2129;荧;9 画;一
2130;荨;9 画;一
2131;茛;9 画;一
2132;故;9 画;一
2133;荩;9 画;一
2134;胡;9 画;一
2135;荪;9 画;一
2136;荫;9 画;一
2137;茹;9 画;一
2138;荔;9 画;一
2139;南;9 画;一
2140;荬;9 画;一
2141;荭;9 画;一
2142;药;9 画;一
2143;柰;9 画;一
2144;标;9 画;一
2145;栈;9 画;一
2146;柑;9 画;一
2147;枯;9 画;一
2148;栉;9 画;一
2149;柯;9 画;一
2150;柄;9 画;一
2151;柘;9 画;一
2152;栊;9 画;一
2153;柩;9 画;一
2154;枰;9 画;一
2155;栋;9 画;一
2156;栌;9 画;一
2157;相;9 画;一
2158;查;9 画;一
2159;柙;9 画;一
2160;枵;9 画;一
2161;柚;9 画;一
2162;枳;9 画;一
2163;柞;9 画;一
2164;柏;9 画;一
2165;柝;9 画;一
2166;栀;9 画;一
2167;柃;9 画;一
2168;柢;9 画;一
2169;栎;9 画;一
2170;枸;9 画;一
2171;栅;9 画;一
2172;柳;9 画;一
2173;柱;9 画;一
2174;柿;9 画;一
2175;栏;9 画;一
2176;柈;9 画;一
2177;柠;9 画;一
2178;柁;9 画;一
2179;枷;9 画;一
2180;柽;9 画;一
2181;树;9 画;一
2182;勃;9 画;一
2183;剌;9 画;一
2184;郚;9 画;一
2185;剅;9 画;一
2186;要;9 画;一
2187;酊;9 画;一
2188;郦;9 画;一
2189;柬;9 画;一
2190;咸;9 画;一
2191;威;9 画;一
2192;歪;9 画;一
2193;甭;9 画;一
2194;研;9 画;一
2195;砖;9 画;一
2196;厘;9 画;一
2197;砗;9 画;一
2198;厚;9 画;一
2199;砑;9 画;一
2200;砘;9 画;一
2201;砒;9 画;一
2202;砌;9 画;一
2203;砂;9 画;一
2204;泵;9 画;一
2205;砚;9 画;一
2206;斫;9 画;一
2207;砭;9 画;一
2208;砜;9 画;一
2209;砍;9 画;一
2210;面;9 画;一
2211;耐;9 画;一
2212;耍;9 画;一
2213;奎;9 画;一
2214;耷;9 画;一
2215;牵;9 画;一
2216;鸥;9 画;一
2217;虺;9 画;一
2218;残;9 画;一
2219;殂;9 画;一
2220;殃;9 画;一
2221;殇;9 画;一
2222;殄;9 画;一
2223;殆;9 画;一
2224;轱;9 画;一
2225;轲;9 画;一
2226;轳;9 画;一
2227;轴;9 画;一
2228;轵;9 画;一
2229;轶;9 画;一
2230;轷;9 画;一
2231;轸;9 画;一
2232;轹;9 画;一
2233;轺;9 画;一
2234;轻;9 画;一
2235;鸦;9 画;一
2236;虿;9 画;一
2237;皆;9 画;一
2238;毖;9 画;一
2239;韭;9 画;丨
2240;背;9 画;丨
2241;战;9 画;丨
2242;觇;9 画;丨
2243;点;9 画;丨
2244;虐;9 画;丨
2245;临;9 画;丨
2246;览;9 画;丨
2247;竖;9 画;丨
2248;尜;9 画;丨
2249;省;9 画;丨
2250;削;9 画;丨
2251;尝;9 画;丨
2252;哐;9 画;丨
2253;昧;9 画;丨
2254;眄;9 画;丨
2255;眍;9 画;丨
2256;盹;9 画;丨
2257;是;9 画;丨
2258;郢;9 画;丨
2259;眇;9 画;丨
2260;眊;9 画;丨
2261;盼;9 画;丨
2262;眨;9 画;丨
2263;昽;9 画;丨
2264;眈;9 画;丨
2265;哇;9 画;丨
2266;咭;9 画;丨
2267;哄;9 画;丨
2268;哑;9 画;丨
2269;显;9 画;丨
2270;冒;9 画;丨
2271;映;9 画;丨
2272;禺;9 画;丨
2273;哂;9 画;丨
2274;星;9 画;丨
2275;昨;9 画;丨
2276;咴;9 画;丨
2277;曷;9 画;丨
2278;昴;9 画;丨
2279;咧;9 画;丨
2280;昱;9 画;丨
2281;昵;9 画;丨
2282;咦;9 画;丨
2283;哓;9 画;丨
2284;昭;9 画;丨
2285;哔;9 画;丨
2286;畎;9 画;丨
2287;畏;9 画;丨
2288;毗;9 画;丨
2289;趴;9 画;丨
2290;呲;9 画;丨
2291;胄;9 画;丨
2292;胃;9 画;丨
2293;贵;9 画;丨
2294;畋;9 画;丨
2295;畈;9 画;丨
2296;界;9 画;丨
2297;虹;9 画;丨
2298;虾;9 画;丨
2299;虼;9 画;丨
2300;虻;9 画;丨
2301;蚁;9 画;丨
2302;思;9 画;丨
2303;蚂;9 画;丨
2304;盅;9 画;丨
2305;咣;9 画;丨
2306;虽;9 画;丨
2307;品;9 画;丨
2308;咽;9 画;丨
2309;骂;9 画;丨
2310;哕;9 画;丨
2311;剐;9 画;丨
2312;郧;9 画;丨
2313;勋;9 画;丨
2314;咻;9 画;丨
2315;哗;9 画;丨
2316;囿;9 画;丨
2317;咱;9 画;丨
2318;咿;9 画;丨
2319;响;9 画;丨
2320;哌;9 画;丨
2321;哙;9 画;丨
2322;哈;9 画;丨
2323;哚;9 画;丨
2324;咯;9 画;丨
2325;哆;9 画;丨
2326;咬;9 画;丨
2327;咳;9 画;丨
2328;咩;9 画;丨
2329;咪;9 画;丨
2330;咤;9 画;丨
2331;哝;9 画;丨
2332;哪;9 画;丨
2333;哏;9 画;丨
2334;哞;9 画;丨
2335;哟;9 画;丨
2336;峙;9 画;丨
2337;炭;9 画;丨
2338;峡;9 画;丨
2339;峣;9 画;丨
2340;罘;9 画;丨
2341;帧;9 画;丨
2342;罚;9 画;丨
2343;峒;9 画;丨
2344;峤;9 画;丨
2345;峋;9 画;丨
2346;峥;9 画;丨
2347;峧;9 画;丨
2348;帡;9 画;丨
2349;贱;9 画;丨
2350;贴;9 画;丨
2351;贶;9 画;丨
2352;贻;9 画;丨
2353;骨;9 画;丨
2354;幽;9 画;丨
2355;钘;9 画;丿
2356;钙;9 画;丿
2357;钚;9 画;丿
2358;钛;9 画;丿
2359;钝;9 画;丿
2360;钞;9 画;丿
2361;钟;9 画;丿
2362;钡;9 画;丿
2363;钠;9 画;丿
2364;钢;9 画;丿
2365;钣;9 画;丿
2366;钤;9 画;丿
2367;钥;9 画;丿
2368;钦;9 画;丿
2369;钧;9 画;丿
2370;钨;9 画;丿
2371;钩;9 画;丿
2372;钪;9 画;丿
2373;钫;9 画;丿
2374;钬;9 画;丿
2375;钭;9 画;丿
2376;钮;9 画;丿
2377;钯;9 画;丿
2378;卸;9 画;丿
2379;缸;9 画;丿
2380;拜;9 画;丿
2381;看;9 画;丿
2382;矩;9 画;丿
2383;矧;9 画;丿
2384;毡;9 画;丿
2385;氡;9 画;丿
2386;氟;9 画;丿
2387;氢;9 画;丿
2388;牯;9 画;丿
2389;怎;9 画;丿
2390;郜;9 画;丿
2391;牲;9 画;丿
2392;选;9 画;丿
2393;适;9 画;丿
2394;秕;9 画;丿
2395;秒;9 画;丿
2396;香;9 画;丿
2397;种;9 画;丿
2398;秭;9 画;丿
2399;秋;9 画;丿
2400;科;9 画;丿
2401;重;9 画;丿
2402;复;9 画;丿
2403;竽;9 画;丿
2404;竿;9 画;丿
2405;笈;9 画;丿
2406;笃;9 画;丿
2407;俦;9 画;丿
2408;段;9 画;丿
2409;俨;9 画;丿
2410;俅;9 画;丿
2411;便;9 画;丿
2412;俩;9 画;丿
2413;俪;9 画;丿
2414;叟;9 画;丿
2415;垡;9 画;丿
2416;贷;9 画;丿
2417;牮;9 画;丿
2418;顺;9 画;丿
2419;修;9 画;丿
2420;俏;9 画;丿
2421;俣;9 画;丿
2422;俚;9 画;丿
2423;保;9 画;丿
2424;俜;9 画;丿
2425;促;9 画;丿
2426;俄;9 画;丿
2427;俐;9 画;丿
2428;侮;9 画;丿
2429;俭;9 画;丿
2430;俗;9 画;丿
2431;俘;9 画;丿
2432;信;9 画;丿
2433;皇;9 画;丿
2434;泉;9 画;丿
2435;皈;9 画;丿
2436;鬼;9 画;丿
2437;侵;9 画;丿
2438;禹;9 画;丿
2439;侯;9 画;丿
2440;追;9 画;丿
2441;俑;9 画;丿
2442;俟;9 画;丿
2443;俊;9 画;丿
2444;盾;9 画;丿
2445;逅;9 画;丿
2446;待;9 画;丿
2447;徊;9 画;丿
2448;徇;9 画;丿
2449;徉;9 画;丿
2450;衍;9 画;丿
2451;律;9 画;丿
2452;很;9 画;丿
2453;须;9 画;丿
2454;舢;9 画;丿
2455;舣;9 画;丿
2456;叙;9 画;丿
2457;俞;9 画;丿
2458;弇;9 画;丿
2459;郗;9 画;丿
2460;剑;9 画;丿
2461;逃;9 画;丿
2462;俎;9 画;丿
2463;卻;9 画;丿
2464;爰;9 画;丿
2465;郛;9 画;丿
2466;食;9 画;丿
2467;瓴;9 画;丿
2468;盆;9 画;丿
2469;胚;9 画;丿
2470;胧;9 画;丿
2471;胨;9 画;丿
2472;胩;9 画;丿
2473;胪;9 画;丿
2474;胆;9 画;丿
2475;胛;9 画;丿
2476;胂;9 画;丿
2477;胜;9 画;丿
2478;胙;9 画;丿
2479;胍;9 画;丿
2480;胗;9 画;丿
2481;胝;9 画;丿
2482;朐;9 画;丿
2483;胞;9 画;丿
2484;胖;9 画;丿
2485;脉;9 画;丿
2486;胫;9 画;丿
2487;胎;9 画;丿
2488;鸨;9 画;丿
2489;匍;9 画;丿
2490;勉;9 画;丿
2491;狨;9 画;丿
2492;狭;9 画;丿
2493;狮;9 画;丿
2494;独;9 画;丿
2495;狯;9 画;丿
2496;狰;9 画;丿
2497;狡;9 画;丿
2498;飐;9 画;丿
2499;飑;9 画;丿
2500;狩;9 画;丿
2501;狱;9 画;丿
2502;狠;9 画;丿
2503;狲;9 画;丿
2504;訇;9 画;丿
2505;訄;9 画;丿
2506;逄;9 画;丿
2507;昝;9 画;丿
2508;贸;9 画;丿
2509;怨;9 画;丿
2510;急;9 画;丿
2511;饵;9 画;丿
2512;饶;9 画;丿
2513;蚀;9 画;丿
2514;饷;9 画;丿
2515;饸;9 画;丿
2516;饹;9 画;丿
2517;饺;9 画;丿
2518;饻;9 画;丿
2519;胤;9 画;丿
2520;饼;9 画;丿
2521;峦;9 画;丶
2522;弯;9 画;丶
2523;孪;9 画;丶
2524;娈;9 画;丶
2525;将;9 画;丶
2526;奖;9 画;丶
2527;哀;9 画;丶
2528;亭;9 画;丶
2529;亮;9 画;丶
2530;庤;9 画;丶
2531;度;9 画;丶
2532;弈;9 画;丶
2533;奕;9 画;丶
2534;迹;9 画;丶
2535;庭;9 画;丶
2536;庥;9 画;丶
2537;疬;9 画;丶
2538;疣;9 画;丶
2539;疥;9 画;丶
2540;疭;9 画;丶
2541;疮;9 画;丶
2542;疯;9 画;丶
2543;疫;9 画;丶
2544;疢;9 画;丶
2545;疤;9 画;丶
2546;庠;9 画;丶
2547;咨;9 画;丶
2548;姿;9 画;丶
2549;亲;9 画;丶
2550;竑;9 画;丶
2551;音;9 画;丶
2552;彦;9 画;丶
2553;飒;9 画;丶
2554;帝;9 画;丶
2555;施;9 画;丶
2556;闺;9 画;丶
2557;闻;9 画;丶
2558;闼;9 画;丶
2559;闽;9 画;丶
2560;闾;9 画;丶
2561;闿;9 画;丶
2562;阀;9 画;丶
2563;阁;9 画;丶
2564;阂;9 画;丶
2565;差;9 画;丶
2566;养;9 画;丶
2567;美;9 画;丶
2568;羑;9 画;丶
2569;姜;9 画;丶
2570;迸;9 画;丶
2571;叛;9 画;丶
2572;送;9 画;丶
2573;类;9 画;丶
2574;籼;9 画;丶
2575;迷;9 画;丶
2576;籽;9 画;丶
2577;娄;9 画;丶
2578;前;9 画;丶
2579;酋;9 画;丶
2580;首;9 画;丶
2581;逆;9 画;丶
2582;兹;9 画;丶
2583;总;9 画;丶
2584;炳;9 画;丶
2585;炻;9 画;丶
2586;炼;9 画;丶
2587;炟;9 画;丶
2588;炽;9 画;丶
2589;炯;9 画;丶
2590;炸;9 画;丶
2591;烀;9 画;丶
2592;烁;9 画;丶
2593;炮;9 画;丶
2594;炷;9 画;丶
2595;炫;9 画;丶
2596;烂;9 画;丶
2597;烃;9 画;丶
2598;剃;9 画;丶
2599;洼;9 画;丶
2600;洁;9 画;丶
2601;洱;9 画;丶
2602;洪;9 画;丶
2603;洹;9 画;丶
2604;洒;9 画;丶
2605;洧;9 画;丶
2606;洌;9 画;丶
2607;浃;9 画;丶
2608;柒;9 画;丶
2609;浇;9 画;丶
2610;泚;9 画;丶
2611;浈;9 画;丶
2612;浉;9 画;丶
2613;浊;9 画;丶
2614;洞;9 画;丶
2615;洇;9 画;丶
2616;洄;9 画;丶
2617;测;9 画;丶
2618;洙;9 画;丶
2619;洗;9 画;丶
2620;活;9 画;丶
2621;洑;9 画;丶
2622;涎;9 画;丶
2623;洎;9 画;丶
2624;洫;9 画;丶
2625;派;9 画;丶
2626;浍;9 画;丶
2627;洽;9 画;丶
2628;洮;9 画;丶
2629;染;9 画;丶
2630;洵;9 画;丶
2631;洚;9 画;丶
2632;洺;9 画;丶
2633;洛;9 画;丶
2634;浏;9 画;丶
2635;济;9 画;丶
2636;洨;9 画;丶
2637;浐;9 画;丶
2638;洋;9 画;丶
2639;洴;9 画;丶
2640;洣;9 画;丶
2641;洲;9 画;丶
2642;浑;9 画;丶
2643;浒;9 画;丶
2644;浓;9 画;丶
2645;津;9 画;丶
2646;浔;9 画;丶
2647;浕;9 画;丶
2648;洳;9 画;丶
2649;恸;9 画;丶
2650;恃;9 画;丶
2651;恒;9 画;丶
2652;恹;9 画;丶
2653;恢;9 画;丶
2654;恍;9 画;丶
2655;恫;9 画;丶
2656;恺;9 画;丶
2657;恻;9 画;丶
2658;恬;9 画;丶
2659;恤;9 画;丶
2660;恰;9 画;丶
2661;恂;9 画;丶
2662;恪;9 画;丶
2663;恼;9 画;丶
2664;恽;9 画;丶
2665;恨;9 画;丶
2666;举;9 画;丶
2667;觉;9 画;丶
2668;宣;9 画;丶
2669;宦;9 画;丶
2670;宥;9 画;丶
2671;宬;9 画;丶
2672;室;9 画;丶
2673;宫;9 画;丶
2674;宪;9 画;丶
2675;突;9 画;丶
2676;穿;9 画;丶
2677;窀;9 画;丶
2678;窃;9 画;丶
2679;客;9 画;丶
2680;诫;9 画;丶
2681;冠;9 画;丶
2682;诬;9 画;丶
2683;语;9 画;丶
2684;扁;9 画;丶
2685;扃;9 画;丶
2686;袆;9 画;丶
2687;衲;9 画;丶
2688;衽;9 画;丶
2689;袄;9 画;丶
2690;衿;9 画;丶
2691;袂;9 画;丶
2692;祛;9 画;丶
2693;祜;9 画;丶
2694;祓;9 画;丶
2695;祖;9 画;丶
2696;神;9 画;丶
2697;祝;9 画;丶
2698;祚;9 画;丶
2699;诮;9 画;丶
2700;祗;9 画;丶
2701;祢;9 画;丶
2702;祠;9 画;丶
2703;误;9 画;丶
2704;诰;9 画;丶
2705;诱;9 画;丶
2706;诲;9 画;丶
2707;诳;9 画;丶
2708;鸩;9 画;丶
2709;说;9 画;丶
2710;昶;9 画;丶
2711;诵;9 画;丶
2712;郡;9 画;乛
2713;垦;9 画;乛
2714;退;9 画;乛
2715;既;9 画;乛
2716;屋;9 画;乛
2717;昼;9 画;乛
2718;咫;9 画;乛
2719;屏;9 画;乛
2720;屎;9 画;乛
2721;弭;9 画;乛
2722;费;9 画;乛
2723;陡;9 画;乛
2724;逊;9 画;乛
2725;牁;9 画;乛
2726;眉;9 画;乛
2727;胥;9 画;乛
2728;孩;9 画;乛
2729;陛;9 画;乛
2730;陟;9 画;乛
2731;陧;9 画;乛
2732;陨;9 画;乛
2733;除;9 画;乛
2734;险;9 画;乛
2735;院;9 画;乛
2736;娃;9 画;乛
2737;姞;9 画;乛
2738;姥;9 画;乛
2739;娅;9 画;乛
2740;姨;9 画;乛
2741;娆;9 画;乛
2742;姻;9 画;乛
2743;姝;9 画;乛
2744;娇;9 画;乛
2745;姚;9 画;乛
2746;姽;9 画;乛
2747;姣;9 画;乛
2748;姘;9 画;乛
2749;姹;9 画;乛
2750;娜;9 画;乛
2751;怒;9 画;乛
2752;架;9 画;乛
2753;贺;9 画;乛
2754;盈;9 画;乛
2755;怼;9 画;乛
2756;羿;9 画;乛
2757;勇;9 画;乛
2758;炱;9 画;乛
2759;怠;9 画;乛
2760;癸;9 画;乛
2761;蚤;9 画;乛
2762;柔;9 画;乛
2763;矜;9 画;乛
2764;垒;9 画;乛
2765;绑;9 画;乛
2766;绒;9 画;乛
2767;结;9 画;乛
2768;绔;9 画;乛
2769;骁;9 画;乛
2770;绕;9 画;乛
2771;骄;9 画;乛
2772;骅;9 画;乛
2773;绗;9 画;乛
2774;绘;9 画;乛
2775;给;9 画;乛
2776;绚;9 画;乛
2777;彖;9 画;乛
2778;绛;9 画;乛
2779;络;9 画;乛
2780;骆;9 画;乛
2781;绝;9 画;乛
2782;绞;9 画;乛
2783;骇;9 画;乛
2784;统;9 画;乛
2785;骈;9 画;乛
2786;耕;10 画;一
2787;耘;10 画;一
2788;耖;10 画;一
2789;耗;10 画;一
2790;耙;10 画;一
2791;艳;10 画;一
2792;挈;10 画;一
2793;恝;10 画;一
2794;泰;10 画;一
2795;秦;10 画;一
2796;珥;10 画;一
2797;珙;10 画;一
2798;顼;10 画;一
2799;珰;10 画;一
2800;珠;10 画;一
2801;珽;10 画;一
2802;珩;10 画;一
2803;珧;10 画;一
2804;珣;10 画;一
2805;珞;10 画;一
2806;琤;10 画;一
2807;班;10 画;一
2808;珲;10 画;一
2809;敖;10 画;一
2810;素;10 画;一
2811;匿;10 画;一
2812;蚕;10 画;一
2813;顽;10 画;一
2814;盏;10 画;一
2815;匪;10 画;一
2816;恚;10 画;一
2817;捞;10 画;一
2818;栽;10 画;一
2819;捕;10 画;一
2820;埔;10 画;一
2821;埂;10 画;一
2822;捂;10 画;一
2823;振;10 画;一
2824;载;10 画;一
2825;赶;10 画;一
2826;起;10 画;一
2827;盐;10 画;一
2828;捎;10 画;一
2829;捍;10 画;一
2830;埕;10 画;一
2831;捏;10 画;一
2832;埘;10 画;一
2833;埋;10 画;一
2834;捉;10 画;一
2835;捆;10 画;一
2836;捐;10 画;一
2837;埚;10 画;一
2838;埙;10 画;一
2839;损;10 画;一
2840;袁;10 画;一
2841;挹;10 画;一
2842;捌;10 画;一
2843;都;10 画;一
2844;哲;10 画;一
2845;逝;10 画;一
2846;耆;10 画;一
2847;耄;10 画;一
2848;捡;10 画;一
2849;挫;10 画;一
2850;捋;10 画;一
2851;埒;10 画;一
2852;换;10 画;一
2853;挽;10 画;一
2854;贽;10 画;一
2855;挚;10 画;一
2856;热;10 画;一
2857;恐;10 画;一
2858;捣;10 画;一
2859;垸;10 画;一
2860;壶;10 画;一
2861;捃;10 画;一
2862;捅;10 画;一
2863;盍;10 画;一
2864;埃;10 画;一
2865;挨;10 画;一
2866;耻;10 画;一
2867;耿;10 画;一
2868;耽;10 画;一
2869;聂;10 画;一
2870;莰;10 画;一
2871;茝;10 画;一
2872;荸;10 画;一
2873;莆;10 画;一
2874;恭;10 画;一
2875;莽;10 画;一
2876;莱;10 画;一
2877;莲;10 画;一
2878;莳;10 画;一
2879;莫;10 画;一
2880;莴;10 画;一
2881;莪;10 画;一
2882;莉;10 画;一
2883;莠;10 画;一
2884;莓;10 画;一
2885;荷;10 画;一
2886;莜;10 画;一
2887;莅;10 画;一
2888;荼;10 画;一
2889;莶;10 画;一
2890;莩;10 画;一
2891;荽;10 画;一
2892;获;10 画;一
2893;莸;10 画;一
2894;荻;10 画;一
2895;莘;10 画;一
2896;晋;10 画;一
2897;恶;10 画;一
2898;莎;10 画;一
2899;莞;10 画;一
2900;莹;10 画;一
2901;莨;10 画;一
2902;莺;10 画;一
2903;真;10 画;一
2904;莙;10 画;一
2905;鸪;10 画;一
2906;莼;10 画;一
2907;框;10 画;一
2908;梆;10 画;一
2909;桂;10 画;一
2910;桔;10 画;一
2911;栲;10 画;一
2912;栳;10 画;一
2913;郴;10 画;一
2914;桓;10 画;一
2915;栖;10 画;一
2916;桡;10 画;一
2917;桎;10 画;一
2918;桢;10 画;一
2919;桄;10 画;一
2920;档;10 画;一
2921;桐;10 画;一
2922;桤;10 画;一
2923;株;10 画;一
2924;梃;10 画;一
2925;栝;10 画;一
2926;桥;10 画;一
2927;桕;10 画;一
2928;桦;10 画;一
2929;桁;10 画;一
2930;栓;10 画;一
2931;桧;10 画;一
2932;桃;10 画;一
2933;桅;10 画;一
2934;栒;10 画;一
2935;格;10 画;一
2936;桩;10 画;一
2937;校;10 画;一
2938;核;10 画;一
2939;样;10 画;一
2940;栟;10 画;一
2941;桉;10 画;一
2942;根;10 画;一
2943;栩;10 画;一
2944;逑;10 画;一
2945;索;10 画;一
2946;逋;10 画;一
2947;彧;10 画;一
2948;哥;10 画;一
2949;速;10 画;一
2950;鬲;10 画;一
2951;豇;10 画;一
2952;逗;10 画;一
2953;栗;10 画;一
2954;贾;10 画;一
2955;酐;10 画;一
2956;酎;10 画;一
2957;酌;10 画;一
2958;配;10 画;一
2959;酏;10 画;一
2960;逦;10 画;一
2961;翅;10 画;一
2962;辱;10 画;一
2963;唇;10 画;一
2964;厝;10 画;一
2965;孬;10 画;一
2966;夏;10 画;一
2967;砝;10 画;一
2968;砹;10 画;一
2969;砸;10 画;一
2970;砺;10 画;一
2971;砰;10 画;一
2972;砧;10 画;一
2973;砷;10 画;一
2974;砟;10 画;一
2975;砼;10 画;一
2976;砥;10 画;一
2977;砾;10 画;一
2978;砣;10 画;一
2979;础;10 画;一
2980;破;10 画;一
2981;硁;10 画;一
2982;恧;10 画;一
2983;原;10 画;一
2984;套;10 画;一
2985;剞;10 画;一
2986;逐;10 画;一
2987;砻;10 画;一
2988;烈;10 画;一
2989;殊;10 画;一
2990;殉;10 画;一
2991;顾;10 画;一
2992;轼;10 画;一
2993;轾;10 画;一
2994;轿;10 画;一
2995;辀;10 画;一
2996;辁;10 画;一
2997;辂;10 画;一
2998;较;10 画;一
2999;鸫;10 画;一
3000;顿;10 画;一
3001;趸;10 画;一
3002;毙;10 画;一
3003;致;10 画;一
3004;剕;10 画;丨
3005;龀;10 画;丨
3006;柴;10 画;丨
3007;桌;10 画;丨
3008;鸬;10 画;丨
3009;虔;10 画;丨
3010;虑;10 画;丨
3011;监;10 画;丨
3012;紧;10 画;丨
3013;逍;10 画;丨
3014;党;10 画;丨
3015;眬;10 画;丨
3016;唛;10 画;丨
3017;逞;10 画;丨
3018;晒;10 画;丨
3019;晟;10 画;丨
3020;眩;10 画;丨
3021;眠;10 画;丨
3022;晓;10 画;丨
3023;眙;10 画;丨
3024;唝;10 画;丨
3025;哧;10 画;丨
3026;哳;10 画;丨
3027;哮;10 画;丨
3028;唠;10 画;丨
3029;鸭;10 画;丨
3030;晃;10 画;丨
3031;哺;10 画;丨
3032;哽;10 画;丨
3033;唔;10 画;丨
3034;晔;10 画;丨
3035;晌;10 画;丨
3036;晁;10 画;丨
3037;剔;10 画;丨
3038;晏;10 画;丨
3039;晖;10 画;丨
3040;晕;10 画;丨
3041;鸮;10 画;丨
3042;趵;10 画;丨
3043;趿;10 画;丨
3044;畛;10 画;丨
3045;蚌;10 画;丨
3046;蚨;10 画;丨
3047;蚜;10 画;丨
3048;蚍;10 画;丨
3049;蚋;10 画;丨
3050;蚬;10 画;丨
3051;畔;10 画;丨
3052;蚝;10 画;丨
3053;蚧;10 画;丨
3054;蚣;10 画;丨
3055;蚊;10 画;丨
3056;蚪;10 画;丨
3057;蚓;10 画;丨
3058;哨;10 画;丨
3059;唢;10 画;丨
3060;哩;10 画;丨
3061;圃;10 画;丨
3062;哭;10 画;丨
3063;圄;10 画;丨
3064;哦;10 画;丨
3065;唣;10 画;丨
3066;唏;10 画;丨
3067;恩;10 画;丨
3068;盎;10 画;丨
3069;唑;10 画;丨
3070;鸯;10 画;丨
3071;唤;10 画;丨
3072;唁;10 画;丨
3073;哼;10 画;丨
3074;唧;10 画;丨
3075;啊;10 画;丨
3076;唉;10 画;丨
3077;唆;10 画;丨
3078;帱;10 画;丨
3079;崂;10 画;丨
3080;崃;10 画;丨
3081;罡;10 画;丨
3082;罢;10 画;丨
3083;罟;10 画;丨
3084;峭;10 画;丨
3085;峨;10 画;丨
3086;峪;10 画;丨
3087;峰;10 画;丨
3088;圆;10 画;丨
3089;觊;10 画;丨
3090;峻;10 画;丨
3091;贼;10 画;丨
3092;贿;10 画;丨
3093;赂;10 画;丨
3094;赃;10 画;丨
3095;赅;10 画;丨
3096;赆;10 画;丨
3097;钰;10 画;丿
3098;钱;10 画;丿
3099;钲;10 画;丿
3100;钳;10 画;丿
3101;钴;10 画;丿
3102;钵;10 画;丿
3103;钷;10 画;丿
3104;钹;10 画;丿
3105;钺;10 画;丿
3106;钻;10 画;丿
3107;钼;10 画;丿
3108;钽;10 画;丿
3109;钾;10 画;丿
3110;钿;10 画;丿
3111;铀;10 画;丿
3112;铁;10 画;丿
3113;铂;10 画;丿
3114;铃;10 画;丿
3115;铄;10 画;丿
3116;铅;10 画;丿
3117;铆;10 画;丿
3118;铈;10 画;丿
3119;铉;10 画;丿
3120;铊;10 画;丿
3121;铋;10 画;丿
3122;铌;10 画;丿
3123;铍;10 画;丿
3124;铎;10 画;丿
3125;眚;10 画;丿
3126;缺;10 画;丿
3127;氩;10 画;丿
3128;氤;10 画;丿
3129;氦;10 画;丿
3130;氧;10 画;丿
3131;氨;10 画;丿
3132;毪;10 画;丿
3133;特;10 画;丿
3134;牺;10 画;丿
3135;造;10 画;丿
3136;乘;10 画;丿
3137;敌;10 画;丿
3138;舐;10 画;丿
3139;秣;10 画;丿
3140;秫;10 画;丿
3141;秤;10 画;丿
3142;租;10 画;丿
3143;秧;10 画;丿
3144;积;10 画;丿
3145;盉;10 画;丿
3146;秩;10 画;丿
3147;称;10 画;丿
3148;秘;10 画;丿
3149;透;10 画;丿
3150;笄;10 画;丿
3151;笕;10 画;丿
3152;笔;10 画;丿
3153;笑;10 画;丿
3154;笊;10 画;丿
3155;笫;10 画;丿
3156;笏;10 画;丿
3157;笋;10 画;丿
3158;笆;10 画;丿
3159;俸;10 画;丿
3160;倩;10 画;丿
3161;债;10 画;丿
3162;俵;10 画;丿
3163;倻;10 画;丿
3164;借;10 画;丿
3165;偌;10 画;丿
3166;值;10 画;丿
3167;倚;10 画;丿
3168;俺;10 画;丿
3169;倾;10 画;丿
3170;倒;10 画;丿
3171;俳;10 画;丿
3172;俶;10 画;丿
3173;倬;10 画;丿
3174;倏;10 画;丿
3175;倘;10 画;丿
3176;俱;10 画;丿
3177;倡;10 画;丿
3178;候;10 画;丿
3179;赁;10 画;丿
3180;恁;10 画;丿
3181;倭;10 画;丿
3182;倪;10 画;丿
3183;俾;10 画;丿
3184;倜;10 画;丿
3185;隼;10 画;丿
3186;隽;10 画;丿
3187;倞;10 画;丿
3188;俯;10 画;丿
3189;倍;10 画;丿
3190;倦;10 画;丿
3191;倓;10 画;丿
3192;倌;10 画;丿
3193;倥;10 画;丿
3194;臬;10 画;丿
3195;健;10 画;丿
3196;臭;10 画;丿
3197;射;10 画;丿
3198;皋;10 画;丿
3199;躬;10 画;丿
3200;息;10 画;丿
3201;郫;10 画;丿
3202;倨;10 画;丿
3203;倔;10 画;丿
3204;衄;10 画;丿
3205;颀;10 画;丿
3206;徒;10 画;丿
3207;徕;10 画;丿
3208;徐;10 画;丿
3209;殷;10 画;丿
3210;舰;10 画;丿
3211;舨;10 画;丿
3212;舱;10 画;丿
3213;般;10 画;丿
3214;航;10 画;丿
3215;舫;10 画;丿
3216;瓞;10 画;丿
3217;途;10 画;丿
3218;拿;10 画;丿
3219;釜;10 画;丿
3220;耸;10 画;丿
3221;爹;10 画;丿
3222;舀;10 画;丿
3223;爱;10 画;丿
3224;豺;10 画;丿
3225;豹;10 画;丿
3226;奚;10 画;丿
3227;鬯;10 画;丿
3228;衾;10 画;丿
3229;鸰;10 画;丿
3230;颁;10 画;丿
3231;颂;10 画;丿
3232;翁;10 画;丿
3233;胯;10 画;丿
3234;胰;10 画;丿
3235;胱;10 画;丿
3236;胴;10 画;丿
3237;胭;10 画;丿
3238;脍;10 画;丿
3239;脎;10 画;丿
3240;脆;10 画;丿
3241;脂;10 画;丿
3242;胸;10 画;丿
3243;胳;10 画;丿
3244;脏;10 画;丿
3245;脐;10 画;丿
3246;胶;10 画;丿
3247;脑;10 画;丿
3248;胲;10 画;丿
3249;胼;10 画;丿
3250;朕;10 画;丿
3251;脒;10 画;丿
3252;胺;10 画;丿
3253;脓;10 画;丿
3254;鸱;10 画;丿
3255;玺;10 画;丿
3256;鱽;10 画;丿
3257;鸲;10 画;丿
3258;逛;10 画;丿
3259;狴;10 画;丿
3260;狸;10 画;丿
3261;狷;10 画;丿
3262;猁;10 画;丿
3263;狳;10 画;丿
3264;猃;10 画;丿
3265;狺;10 画;丿
3266;逖;10 画;丿
3267;狼;10 画;丿
3268;卿;10 画;丿
3269;狻;10 画;丿
3270;逢;10 画;丿
3271;桀;10 画;丿
3272;鸵;10 画;丿
3273;留;10 画;丿
3274;袅;10 画;丿
3275;眢;10 画;丿
3276;鸳;10 画;丿
3277;皱;10 画;丿
3278;饽;10 画;丿
3279;饿;10 画;丿
3280;馀;10 画;丿
3281;馁;10 画;丿
3282;凌;10 画;丶
3283;凇;10 画;丶
3284;凄;10 画;丶
3285;栾;10 画;丶
3286;挛;10 画;丶
3287;恋;10 画;丶
3288;桨;10 画;丶
3289;浆;10 画;丶
3290;衰;10 画;丶
3291;勍;10 画;丶
3292;衷;10 画;丶
3293;高;10 画;丶
3294;亳;10 画;丶
3295;郭;10 画;丶
3296;席;10 画;丶
3297;准;10 画;丶
3298;座;10 画;丶
3299;脊;10 画;丶
3300;症;10 画;丶
3301;疳;10 画;丶
3302;疴;10 画;丶
3303;病;10 画;丶
3304;疽;10 画;丶
3305;疸;10 画;丶
3306;疾;10 画;丶
3307;痄;10 画;丶
3308;斋;10 画;丶
3309;疹;10 画;丶
3310;痈;10 画;丶
3311;疼;10 画;丶
3312;疱;10 画;丶
3313;疰;10 画;丶
3314;痃;10 画;丶
3315;痂;10 画;丶
3316;疲;10 画;丶
3317;痉;10 画;丶
3318;效;10 画;丶
3319;离;10 画;丶
3320;衮;10 画;丶
3321;紊;10 画;丶
3322;唐;10 画;丶
3323;凋;10 画;丶
3324;颃;10 画;丶
3325;瓷;10 画;丶
3326;资;10 画;丶
3327;恣;10 画;丶
3328;凉;10 画;丶
3329;站;10 画;丶
3330;剖;10 画;丶
3331;竞;10 画;丶
3332;部;10 画;丶
3333;旁;10 画;丶
3334;旆;10 画;丶
3335;旄;10 画;丶
3336;旅;10 画;丶
3337;旃;10 画;丶
3338;畜;10 画;丶
3339;阃;10 画;丶
3340;阄;10 画;丶
3341;阅;10 画;丶
3342;阆;10 画;丶
3343;羞;10 画;丶
3344;羔;10 画;丶
3345;恙;10 画;丶
3346;瓶;10 画;丶
3347;桊;10 画;丶
3348;拳;10 画;丶
3349;敉;10 画;丶
3350;粉;10 画;丶
3351;料;10 画;丶
3352;粑;10 画;丶
3353;益;10 画;丶
3354;兼;10 画;丶
3355;朔;10 画;丶
3356;郸;10 画;丶
3357;烤;10 画;丶
3358;烘;10 画;丶
3359;烜;10 画;丶
3360;烦;10 画;丶
3361;烧;10 画;丶
3362;烛;10 画;丶
3363;烟;10 画;丶
3364;烨;10 画;丶
3365;烩;10 画;丶
3366;烙;10 画;丶
3367;烊;10 画;丶
3368;剡;10 画;丶
3369;郯;10 画;丶
3370;烬;10 画;丶
3371;递;10 画;丶
3372;涛;10 画;丶
3373;浙;10 画;丶
3374;涝;10 画;丶
3375;浡;10 画;丶
3376;浦;10 画;丶
3377;涑;10 画;丶
3378;浯;10 画;丶
3379;酒;10 画;丶
3380;涞;10 画;丶
3381;涟;10 画;丶
3382;涉;10 画;丶
3383;娑;10 画;丶
3384;消;10 画;丶
3385;涅;10 画;丶
3386;涠;10 画;丶
3387;浞;10 画;丶
3388;涓;10 画;丶
3389;涢;10 画;丶
3390;涡;10 画;丶
3391;浥;10 画;丶
3392;涔;10 画;丶
3393;浩;10 画;丶
3394;海;10 画;丶
3395;浜;10 画;丶
3396;涂;10 画;丶
3397;浠;10 画;丶
3398;浴;10 画;丶
3399;浮;10 画;丶
3400;涣;10 画;丶
3401;浼;10 画;丶
3402;涤;10 画;丶
3403;流;10 画;丶
3404;润;10 画;丶
3405;涧;10 画;丶
3406;涕;10 画;丶
3407;浣;10 画;丶
3408;浪;10 画;丶
3409;浸;10 画;丶
3410;涨;10 画;丶
3411;烫;10 画;丶
3412;涩;10 画;丶
3413;涌;10 画;丶
3414;涘;10 画;丶
3415;浚;10 画;丶
3416;悖;10 画;丶
3417;悚;10 画;丶
3418;悟;10 画;丶
3419;悭;10 画;丶
3420;悄;10 画;丶
3421;悍;10 画;丶
3422;悝;10 画;丶
3423;悃;10 画;丶
3424;悒;10 画;丶
3425;悔;10 画;丶
3426;悯;10 画;丶
3427;悦;10 画;丶
3428;悌;10 画;丶
3429;悢;10 画;丶
3430;悛;10 画;丶
3431;害;10 画;丶
3432;宽;10 画;丶
3433;宸;10 画;丶
3434;家;10 画;丶
3435;宵;10 画;丶
3436;宴;10 画;丶
3437;宾;10 画;丶
3438;窍;10 画;丶
3439;窅;10 画;丶
3440;窄;10 画;丶
3441;容;10 画;丶
3442;窈;10 画;丶
3443;剜;10 画;丶
3444;宰;10 画;丶
3445;案;10 画;丶
3446;请;10 画;丶
3447;朗;10 画;丶
3448;诸;10 画;丶
3449;诹;10 画;丶
3450;诺;10 画;丶
3451;读;10 画;丶
3452;扅;10 画;丶
3453;诼;10 画;丶
3454;冢;10 画;丶
3455;扇;10 画;丶
3456;诽;10 画;丶
3457;袜;10 画;丶
3458;袪;10 画;丶
3459;袒;10 画;丶
3460;袖;10 画;丶
3461;袗;10 画;丶
3462;袍;10 画;丶
3463;袢;10 画;丶
3464;被;10 画;丶
3465;袯;10 画;丶
3466;祯;10 画;丶
3467;祧;10 画;丶
3468;祥;10 画;丶
3469;课;10 画;丶
3470;冥;10 画;丶
3471;诿;10 画;丶
3472;谀;10 画;丶
3473;谁;10 画;丶
3474;谂;10 画;丶
3475;调;10 画;丶
3476;冤;10 画;丶
3477;谄;10 画;丶
3478;谅;10 画;丶
3479;谆;10 画;丶
3480;谇;10 画;丶
3481;谈;10 画;丶
3482;谊;10 画;丶
3483;剥;10 画;乛
3484;恳;10 画;乛
3485;展;10 画;乛
3486;剧;10 画;乛
3487;屑;10 画;乛
3488;屐;10 画;乛
3489;屙;10 画;乛
3490;弱;10 画;乛
3491;陵;10 画;乛
3492;陬;10 画;乛
3493;勐;10 画;乛
3494;奘;10 画;乛
3495;疍;10 画;乛
3496;牂;10 画;乛
3497;蚩;10 画;乛
3498;祟;10 画;乛
3499;陲;10 画;乛
3500;陴;10 画;乛
3501;陶;10 画;乛
3502;陷;10 画;乛
3503;陪;10 画;乛
3504;烝;10 画;乛
3505;姬;10 画;乛
3506;娠;10 画;乛
3507;娱;10 画;乛
3508;娌;10 画;乛
3509;娉;10 画;乛
3510;娟;10 画;乛
3511;娲;10 画;乛
3512;恕;10 画;乛
3513;娥;10 画;乛
3514;娩;10 画;乛
3515;娴;10 画;乛
3516;娣;10 画;乛
3517;娘;10 画;乛
3518;娓;10 画;乛
3519;婀;10 画;乛
3520;砮;10 画;乛
3521;哿;10 画;乛
3522;畚;10 画;乛
3523;通;10 画;乛
3524;能;10 画;乛
3525;难;10 画;乛
3526;逡;10 画;乛
3527;预;10 画;乛
3528;桑;10 画;乛
3529;剟;10 画;乛
3530;绠;10 画;乛
3531;骊;10 画;乛
3532;绡;10 画;乛
3533;骋;10 画;乛
3534;绢;10 画;乛
3535;绣;10 画;乛
3536;验;10 画;乛
3537;绤;10 画;乛
3538;绥;10 画;乛
3539;绦;10 画;乛
3540;骍;10 画;乛
3541;继;10 画;乛
3542;绨;10 画;乛
3543;骎;10 画;乛
3544;骏;10 画;乛
3545;邕;10 画;乛
3546;鸶;10 画;乛
3547;彗;11 画;一
3548;耜;11 画;一
3549;焘;11 画;一
3550;舂;11 画;一
3551;琎;11 画;一
3552;球;11 画;一
3553;琏;11 画;一
3554;琐;11 画;一
3555;理;11 画;一
3556;琇;11 画;一
3557;麸;11 画;一
3558;琉;11 画;一
3559;琅;11 画;一
3560;捧;11 画;一
3561;掭;11 画;一
3562;堵;11 画;一
3563;揶;11 画;一
3564;措;11 画;一
3565;描;11 画;一
3566;埴;11 画;一
3567;域;11 画;一
3568;捺;11 画;一
3569;掎;11 画;一
3570;埼;11 画;一
3571;掩;11 画;一
3572;埯;11 画;一
3573;捷;11 画;一
3574;捯;11 画;一
3575;排;11 画;一
3576;焉;11 画;一
3577;掉;11 画;一
3578;掳;11 画;一
3579;掴;11 画;一
3580;埸;11 画;一
3581;堌;11 画;一
3582;捶;11 画;一
3583;赦;11 画;一
3584;赧;11 画;一
3585;推;11 画;一
3586;堆;11 画;一
3587;捭;11 画;一
3588;埠;11 画;一
3589;晳;11 画;一
3590;掀;11 画;一
3591;逵;11 画;一
3592;授;11 画;一
3593;捻;11 画;一
3594;埝;11 画;一
3595;堋;11 画;一
3596;教;11 画;一
3597;堍;11 画;一
3598;掏;11 画;一
3599;掐;11 画;一
3600;掬;11 画;一
3601;鸷;11 画;一
3602;掠;11 画;一
3603;掂;11 画;一
3604;掖;11 画;一
3605;培;11 画;一
3606;掊;11 画;一
3607;接;11 画;一
3608;堉;11 画;一
3609;掷;11 画;一
3610;掸;11 画;一
3611;控;11 画;一
3612;捩;11 画;一
3613;掮;11 画;一
3614;探;11 画;一
3615;悫;11 画;一
3616;埭;11 画;一
3617;埽;11 画;一
3618;据;11 画;一
3619;掘;11 画;一
3620;掺;11 画;一
3621;掇;11 画;一
3622;掼;11 画;一
3623;职;11 画;一
3624;聃;11 画;一
3625;基;11 画;一
3626;聆;11 画;一
3627;勘;11 画;一
3628;聊;11 画;一
3629;聍;11 画;一
3630;娶;11 画;一
3631;菁;11 画;一
3632;菝;11 画;一
3633;著;11 画;一
3634;菱;11 画;一
3635;萁;11 画;一
3636;菥;11 画;一
3637;菘;11 画;一
3638;堇;11 画;一
3639;勒;11 画;一
3640;黄;11 画;一
3641;萘;11 画;一
3642;萋;11 画;一
3643;勩;11 画;一
3644;菲;11 画;一
3645;菽;11 画;一
3646;菖;11 画;一
3647;萌;11 画;一
3648;萜;11 画;一
3649;萝;11 画;一
3650;菌;11 画;一
3651;萎;11 画;一
3652;萸;11 画;一
3653;萑;11 画;一
3654;菂;11 画;一
3655;菜;11 画;一
3656;棻;11 画;一
3657;菔;11 画;一
3658;菟;11 画;一
3659;萄;11 画;一
3660;萏;11 画;一
3661;菊;11 画;一
3662;萃;11 画;一
3663;菩;11 画;一
3664;菼;11 画;一
3665;菏;11 画;一
3666;萍;11 画;一
3667;菹;11 画;一
3668;菠;11 画;一
3669;菪;11 画;一
3670;菅;11 画;一
3671;菀;11 画;一
3672;萤;11 画;一
3673;营;11 画;一
3674;萦;11 画;一
3675;乾;11 画;一
3676;萧;11 画;一
3677;菰;11 画;一
3678;菡;11 画;一
3679;萨;11 画;一
3680;菇;11 画;一
3681;械;11 画;一
3682;梽;11 画;一
3683;彬;11 画;一
3684;梵;11 画;一
3685;梦;11 画;一
3686;婪;11 画;一
3687;梗;11 画;一
3688;梧;11 画;一
3689;梾;11 画;一
3690;梢;11 画;一
3691;梏;11 画;一
3692;梅;11 画;一
3693;觋;11 画;一
3694;检;11 画;一
3695;桴;11 画;一
3696;桷;11 画;一
3697;梓;11 画;一
3698;梳;11 画;一
3699;棁;11 画;一
3700;梯;11 画;一
3701;桫;11 画;一
3702;棂;11 画;一
3703;桶;11 画;一
3704;梭;11 画;一
3705;救;11 画;一
3706;啬;11 画;一
3707;郾;11 画;一
3708;匮;11 画;一
3709;曹;11 画;一
3710;敕;11 画;一
3711;副;11 画;一
3712;豉;11 画;一
3713;票;11 画;一
3714;鄄;11 画;一
3715;酝;11 画;一
3716;酞;11 画;一
3717;酗;11 画;一
3718;酚;11 画;一
3719;厢;11 画;一
3720;厣;11 画;一
3721;戚;11 画;一
3722;戛;11 画;一
3723;硎;11 画;一
3724;硅;11 画;一
3725;硭;11 画;一
3726;硒;11 画;一
3727;硕;11 画;一
3728;硖;11 画;一
3729;硗;11 画;一
3730;硐;11 画;一
3731;硚;11 画;一
3732;硇;11 画;一
3733;硌;11 画;一
3734;鸸;11 画;一
3735;瓠;11 画;一
3736;匏;11 画;一
3737;奢;11 画;一
3738;盔;11 画;一
3739;爽;11 画;一
3740;厩;11 画;一
3741;聋;11 画;一
3742;龚;11 画;一
3743;袭;11 画;一
3744;殒;11 画;一
3745;殓;11 画;一
3746;殍;11 画;一
3747;盛;11 画;一
3748;赉;11 画;一
3749;匾;11 画;一
3750;雩;11 画;一
3751;雪;11 画;一
3752;辄;11 画;一
3753;辅;11 画;一
3754;辆;11 画;一
3755;堑;11 画;一
3756;龁;11 画;丨
3757;颅;11 画;丨
3758;虚;11 画;丨
3759;彪;11 画;丨
3760;雀;11 画;丨
3761;堂;11 画;丨
3762;常;11 画;丨
3763;眶;11 画;丨
3764;眭;11 画;丨
3765;唪;11 画;丨
3766;眦;11 画;丨
3767;啧;11 画;丨
3768;匙;11 画;丨
3769;晡;11 画;丨
3770;晤;11 画;丨
3771;晨;11 画;丨
3772;眺;11 画;丨
3773;眵;11 画;丨
3774;睁;11 画;丨
3775;眯;11 画;丨
3776;眼;11 画;丨
3777;眸;11 画;丨
3778;悬;11 画;丨
3779;野;11 画;丨
3780;圊;11 画;丨
3781;啪;11 画;丨
3782;啦;11 画;丨
3783;喏;11 画;丨
3784;喵;11 画;丨
3785;啉;11 画;丨
3786;勖;11 画;丨
3787;曼;11 画;丨
3788;晦;11 画;丨
3789;晞;11 画;丨
3790;晗;11 画;丨
3791;晚;11 画;丨
3792;冕;11 画;丨
3793;啄;11 画;丨
3794;啭;11 画;丨
3795;啡;11 画;丨
3796;畦;11 画;丨
3797;趼;11 画;丨
3798;趺;11 画;丨
3799;距;11 画;丨
3800;趾;11 画;丨
3801;啃;11 画;丨
3802;跃;11 画;丨
3803;啮;11 画;丨
3804;跄;11 画;丨
3805;略;11 画;丨
3806;蚶;11 画;丨
3807;蛄;11 画;丨
3808;蛎;11 画;丨
3809;蛆;11 画;丨
3810;蚰;11 画;丨
3811;蚺;11 画;丨
3812;蛊;11 画;丨
3813;圉;11 画;丨
3814;蚱;11 画;丨
3815;蚯;11 画;丨
3816;蛉;11 画;丨
3817;蛀;11 画;丨
3818;蛇;11 画;丨
3819;蛏;11 画;丨
3820;蚴;11 画;丨
3821;唬;11 画;丨
3822;累;11 画;丨
3823;鄂;11 画;丨
3824;唱;11 画;丨
3825;患;11 画;丨
3826;啰;11 画;丨
3827;唾;11 画;丨
3828;唯;11 画;丨
3829;啤;11 画;丨
3830;啥;11 画;丨
3831;啁;11 画;丨
3832;啕;11 画;丨
3833;唿;11 画;丨
3834;啐;11 画;丨
3835;唼;11 画;丨
3836;唷;11 画;丨
3837;啴;11 画;丨
3838;啖;11 画;丨
3839;啵;11 画;丨
3840;啶;11 画;丨
3841;啷;11 画;丨
3842;唳;11 画;丨
3843;啸;11 画;丨
3844;啜;11 画;丨
3845;帻;11 画;丨
3846;崖;11 画;丨
3847;崎;11 画;丨
3848;崦;11 画;丨
3849;崭;11 画;丨
3850;逻;11 画;丨
3851;帼;11 画;丨
3852;崮;11 画;丨
3853;崔;11 画;丨
3854;帷;11 画;丨
3855;崟;11 画;丨
3856;崤;11 画;丨
3857;崩;11 画;丨
3858;崞;11 画;丨
3859;崇;11 画;丨
3860;崆;11 画;丨
3861;崛;11 画;丨
3862;赇;11 画;丨
3863;赈;11 画;丨
3864;婴;11 画;丨
3865;赊;11 画;丨
3866;圈;11 画;丨
3867;铐;11 画;丿
3868;铑;11 画;丿
3869;铒;11 画;丿
3870;铕;11 画;丿
3871;铗;11 画;丿
3872;铘;11 画;丿
3873;铙;11 画;丿
3874;銍;11 画;丿
3875;铛;11 画;丿
3876;铜;11 画;丿
3877;铝;11 画;丿
3878;铞;11 画;丿
3879;铟;11 画;丿
3880;铠;11 画;丿
3881;铡;11 画;丿
3882;铢;11 画;丿
3883;铣;11 画;丿
3884;铤;11 画;丿
3885;铥;11 画;丿
3886;铧;11 画;丿
3887;铨;11 画;丿
3888;铩;11 画;丿
3889;铪;11 画;丿
3890;铫;11 画;丿
3891;铭;11 画;丿
3892;铬;11 画;丿
3893;铮;11 画;丿
3894;铯;11 画;丿
3895;铰;11 画;丿
3896;铱;11 画;丿
3897;铲;11 画;丿
3898;铳;11 画;丿
3899;铴;11 画;丿
3900;铵;11 画;丿
3901;银;11 画;丿
3902;铷;11 画;丿
3903;矫;11 画;丿
3904;氪;11 画;丿
3905;牾;11 画;丿
3906;甜;11 画;丿
3907;鸹;11 画;丿
3908;秸;11 画;丿
3909;梨;11 画;丿
3910;犁;11 画;丿
3911;稆;11 画;丿
3912;秽;11 画;丿
3913;移;11 画;丿
3914;秾;11 画;丿
3915;逶;11 画;丿
3916;笺;11 画;丿
3917;筇;11 画;丿
3918;笨;11 画;丿
3919;笸;11 画;丿
3920;笼;11 画;丿
3921;笪;11 画;丿
3922;笛;11 画;丿
3923;笙;11 画;丿
3924;笮;11 画;丿
3925;符;11 画;丿
3926;笱;11 画;丿
3927;笠;11 画;丿
3928;笥;11 画;丿
3929;第;11 画;丿
3930;笳;11 画;丿
3931;笤;11 画;丿
3932;笾;11 画;丿
3933;笞;11 画;丿
3934;敏;11 画;丿
3935;偾;11 画;丿
3936;做;11 画;丿
3937;鸺;11 画;丿
3938;偃;11 画;丿
3939;偕;11 画;丿
3940;袋;11 画;丿
3941;悠;11 画;丿
3942;偿;11 画;丿
3943;偶;11 画;丿
3944;偈;11 画;丿
3945;偎;11 画;丿
3946;偲;11 画;丿
3947;傀;11 画;丿
3948;偷;11 画;丿
3949;您;11 画;丿
3950;偬;11 画;丿
3951;售;11 画;丿
3952;停;11 画;丿
3953;偻;11 画;丿
3954;偏;11 画;丿
3955;躯;11 画;丿
3956;皑;11 画;丿
3957;兜;11 画;丿
3958;皎;11 画;丿
3959;假;11 画;丿
3960;衅;11 画;丿
3961;鸻;11 画;丿
3962;徘;11 画;丿
3963;徙;11 画;丿
3964;徜;11 画;丿
3965;得;11 画;丿
3966;衔;11 画;丿
3967;舸;11 画;丿
3968;舻;11 画;丿
3969;舳;11 画;丿
3970;盘;11 画;丿
3971;舴;11 画;丿
3972;舶;11 画;丿
3973;船;11 画;丿
3974;鸼;11 画;丿
3975;舷;11 画;丿
3976;舵;11 画;丿
3977;斜;11 画;丿
3978;龛;11 画;丿
3979;盒;11 画;丿
3980;鸽;11 画;丿
3981;瓻;11 画;丿
3982;敛;11 画;丿
3983;悉;11 画;丿
3984;欲;11 画;丿
3985;彩;11 画;丿
3986;领;11 画;丿
3987;翎;11 画;丿
3988;脚;11 画;丿
3989;脖;11 画;丿
3990;脯;11 画;丿
3991;豚;11 画;丿
3992;脶;11 画;丿
3993;脸;11 画;丿
3994;脞;11 画;丿
3995;脬;11 画;丿
3996;脱;11 画;丿
3997;脘;11 画;丿
3998;脲;11 画;丿
3999;脧;11 画;丿
4000;匐;11 画;丿
4001;鱾;11 画;丿
4002;象;11 画;丿
4003;够;11 画;丿
4004;逸;11 画;丿
4005;猜;11 画;丿
4006;猪;11 画;丿
4007;猎;11 画;丿
4008;猫;11 画;丿
4009;猗;11 画;丿
4010;凰;11 画;丿
4011;猖;11 画;丿
4012;猡;11 画;丿
4013;猊;11 画;丿
4014;猞;11 画;丿
4015;猄;11 画;丿
4016;猝;11 画;丿
4017;斛;11 画;丿
4018;觖;11 画;丿
4019;猕;11 画;丿
4020;猛;11 画;丿
4021;馗;11 画;丿
4022;祭;11 画;丿
4023;馃;11 画;丿
4024;馄;11 画;丿
4025;馅;11 画;丿
4026;馆;11 画;丿
4027;凑;11 画;丶
4028;减;11 画;丶
4029;鸾;11 画;丶
4030;毫;11 画;丶
4031;孰;11 画;丶
4032;烹;11 画;丶
4033;庶;11 画;丶
4034;庹;11 画;丶
4035;麻;11 画;丶
4036;庵;11 画;丶
4037;庼;11 画;丶
4038;庾;11 画;丶
4039;庳;11 画;丶
4040;痔;11 画;丶
4041;痍;11 画;丶
4042;疵;11 画;丶
4043;痊;11 画;丶
4044;痒;11 画;丶
4045;痕;11 画;丶
4046;廊;11 画;丶
4047;康;11 画;丶
4048;庸;11 画;丶
4049;鹿;11 画;丶
4050;盗;11 画;丶
4051;章;11 画;丶
4052;竟;11 画;丶
4053;翊;11 画;丶
4054;商;11 画;丶
4055;旌;11 画;丶
4056;族;11 画;丶
4057;旎;11 画;丶
4058;旋;11 画;丶
4059;望;11 画;丶
4060;袤;11 画;丶
4061;率;11 画;丶
4062;阇;11 画;丶
4063;阈;11 画;丶
4064;阉;11 画;丶
4065;阊;11 画;丶
4066;阋;11 画;丶
4067;阌;11 画;丶
4068;阍;11 画;丶
4069;阎;11 画;丶
4070;阏;11 画;丶
4071;阐;11 画;丶
4072;着;11 画;丶
4073;羚;11 画;丶
4074;羝;11 画;丶
4075;羟;11 画;丶
4076;盖;11 画;丶
4077;眷;11 画;丶
4078;粝;11 画;丶
4079;粘;11 画;丶
4080;粗;11 画;丶
4081;粕;11 画;丶
4082;粒;11 画;丶
4083;断;11 画;丶
4084;剪;11 画;丶
4085;兽;11 画;丶
4086;焐;11 画;丶
4087;焊;11 画;丶
4088;烯;11 画;丶
4089;焓;11 画;丶
4090;焕;11 画;丶
4091;烽;11 画;丶
4092;焖;11 画;丶
4093;烷;11 画;丶
4094;烺;11 画;丶
4095;焌;11 画;丶
4096;清;11 画;丶
4097;渍;11 画;丶
4098;添;11 画;丶
4099;渚;11 画;丶
4100;鸿;11 画;丶
4101;淇;11 画;丶
4102;淋;11 画;丶
4103;淅;11 画;丶
4104;淞;11 画;丶
4105;渎;11 画;丶
4106;涯;11 画;丶
4107;淹;11 画;丶
4108;涿;11 画;丶
4109;渠;11 画;丶
4110;渐;11 画;丶
4111;淑;11 画;丶
4112;淖;11 画;丶
4113;挲;11 画;丶
4114;淌;11 画;丶
4115;淏;11 画;丶
4116;混;11 画;丶
4117;淠;11 画;丶
4118;涸;11 画;丶
4119;渑;11 画;丶
4120;淮;11 画;丶
4121;淦;11 画;丶
4122;淆;11 画;丶
4123;渊;11 画;丶
4124;淫;11 画;丶
4125;淝;11 画;丶
4126;渔;11 画;丶
4127;淘;11 画;丶
4128;淳;11 画;丶
4129;液;11 画;丶
4130;淬;11 画;丶
4131;涪;11 画;丶
4132;淤;11 画;丶
4133;淡;11 画;丶
4134;淙;11 画;丶
4135;淀;11 画;丶
4136;涫;11 画;丶
4137;深;11 画;丶
4138;渌;11 画;丶
4139;涮;11 画;丶
4140;涵;11 画;丶
4141;婆;11 画;丶
4142;梁;11 画;丶
4143;渗;11 画;丶
4144;淄;11 画;丶
4145;情;11 画;丶
4146;惬;11 画;丶
4147;悻;11 画;丶
4148;惜;11 画;丶
4149;惭;11 画;丶
4150;悱;11 画;丶
4151;悼;11 画;丶
4152;惝;11 画;丶
4153;惧;11 画;丶
4154;惕;11 画;丶
4155;惘;11 画;丶
4156;悸;11 画;丶
4157;惟;11 画;丶
4158;惆;11 画;丶
4159;惚;11 画;丶
4160;惊;11 画;丶
4161;惇;11 画;丶
4162;惦;11 画;丶
4163;悴;11 画;丶
4164;惮;11 画;丶
4165;惋;11 画;丶
4166;惨;11 画;丶
4167;惯;11 画;丶
4168;寇;11 画;丶
4169;寅;11 画;丶
4170;寄;11 画;丶
4171;寂;11 画;丶
4172;逭;11 画;丶
4173;宿;11 画;丶
4174;窒;11 画;丶
4175;窑;11 画;丶
4176;窕;11 画;丶
4177;密;11 画;丶
4178;谋;11 画;丶
4179;谌;11 画;丶
4180;谍;11 画;丶
4181;谎;11 画;丶
4182;谏;11 画;丶
4183;扈;11 画;丶
4184;皲;11 画;丶
4185;谐;11 画;丶
4186;谑;11 画;丶
4187;裆;11 画;丶
4188;袱;11 画;丶
4189;袼;11 画;丶
4190;裈;11 画;丶
4191;裉;11 画;丶
4192;祷;11 画;丶
4193;祸;11 画;丶
4194;祲;11 画;丶
4195;谒;11 画;丶
4196;谓;11 画;丶
4197;谔;11 画;丶
4198;谕;11 画;丶
4199;谖;11 画;丶
4200;谗;11 画;丶
4201;谙;11 画;丶
4202;谚;11 画;丶
4203;谛;11 画;丶
4204;谜;11 画;丶
4205;谝;11 画;丶
4206;敝;11 画;丶
4207;逮;11 画;乛
4208;逯;11 画;乛
4209;敢;11 画;乛
4210;尉;11 画;乛
4211;屠;11 画;乛
4212;艴;11 画;乛
4213;弹;11 画;乛
4214;隋;11 画;乛
4215;堕;11 画;乛
4216;郿;11 画;乛
4217;随;11 画;乛
4218;蛋;11 画;乛
4219;隅;11 画;乛
4220;隈;11 画;乛
4221;粜;11 画;乛
4222;隍;11 画;乛
4223;隗;11 画;乛
4224;隆;11 画;乛
4225;隐;11 画;乛
4226;婧;11 画;乛
4227;婊;11 画;乛
4228;婞;11 画;乛
4229;婳;11 画;乛
4230;婕;11 画;乛
4231;娼;11 画;乛
4232;婢;11 画;乛
4233;婚;11 画;乛
4234;婵;11 画;乛
4235;婶;11 画;乛
4236;婉;11 画;乛
4237;胬;11 画;乛
4238;袈;11 画;乛
4239;颇;11 画;乛
4240;颈;11 画;乛
4241;翌;11 画;乛
4242;恿;11 画;乛
4243;欸;11 画;乛
4244;绩;11 画;乛
4245;绪;11 画;乛
4246;绫;11 画;乛
4247;骐;11 画;乛
4248;续;11 画;乛
4249;骑;11 画;乛
4250;绮;11 画;乛
4251;绯;11 画;乛
4252;绰;11 画;乛
4253;骒;11 画;乛
4254;绲;11 画;乛
4255;绳;11 画;乛
4256;骓;11 画;乛
4257;维;11 画;乛
4258;绵;11 画;乛
4259;绶;11 画;乛
4260;绷;11 画;乛
4261;绸;11 画;乛
4262;绹;11 画;乛
4263;绺;11 画;乛
4264;绻;11 画;乛
4265;综;11 画;乛
4266;绽;11 画;乛
4267;绾;11 画;乛
4268;绿;11 画;乛
4269;骖;11 画;乛
4270;缀;11 画;乛
4271;缁;11 画;乛
4272;巢;11 画;乛
4273;耠;12 画;一
4274;琫;12 画;一
4275;琵;12 画;一
4276;琴;12 画;一
4277;琶;12 画;一
4278;琪;12 画;一
4279;瑛;12 画;一
4280;琳;12 画;一
4281;琦;12 画;一
4282;琢;12 画;一
4283;琥;12 画;一
4284;琨;12 画;一
4285;靓;12 画;一
4286;琼;12 画;一
4287;斑;12 画;一
4288;琰;12 画;一
4289;琮;12 画;一
4290;琯;12 画;一
4291;琬;12 画;一
4292;琛;12 画;一
4293;琚;12 画;一
4294;辇;12 画;一
4295;替;12 画;一
4296;鼋;12 画;一
4297;揳;12 画;一
4298;揍;12 画;一
4299;款;12 画;一
4300;堪;12 画;一
4301;堞;12 画;一
4302;搽;12 画;一
4303;塔;12 画;一
4304;搭;12 画;一
4305;塃;12 画;一
4306;揸;12 画;一
4307;堰;12 画;一
4308;揠;12 画;一
4309;堙;12 画;一
4310;揩;12 画;一
4311;越;12 画;一
4312;趄;12 画;一
4313;趁;12 画;一
4314;趋;12 画;一
4315;超;12 画;一
4316;揽;12 画;一
4317;提;12 画;一
4318;堤;12 画;一
4319;揖;12 画;一
4320;博;12 画;一
4321;揾;12 画;一
4322;颉;12 画;一
4323;揭;12 画;一
4324;喜;12 画;一
4325;彭;12 画;一
4326;揣;12 画;一
4327;塄;12 画;一
4328;揿;12 画;一
4329;插;12 画;一
4330;揪;12 画;一
4331;搜;12 画;一
4332;煮;12 画;一
4333;堠;12 画;一
4334;耋;12 画;一
4335;揄;12 画;一
4336;援;12 画;一
4337;搀;12 画;一
4338;蛰;12 画;一
4339;蛩;12 画;一
4340;絷;12 画;一
4341;塆;12 画;一
4342;裁;12 画;一
4343;揞;12 画;一
4344;搁;12 画;一
4345;搓;12 画;一
4346;搂;12 画;一
4347;搅;12 画;一
4348;揎;12 画;一
4349;壹;12 画;一
4350;握;12 画;一
4351;摒;12 画;一
4352;揆;12 画;一
4353;搔;12 画;一
4354;揉;12 画;一
4355;掾;12 画;一
4356;葜;12 画;一
4357;聒;12 画;一
4358;斯;12 画;一
4359;期;12 画;一
4360;欺;12 画;一
4361;联;12 画;一
4362;葑;12 画;一
4363;葚;12 画;一
4364;葫;12 画;一
4365;靰;12 画;一
4366;靸;12 画;一
4367;散;12 画;一
4368;葳;12 画;一
4369;惹;12 画;一
4370;蒇;12 画;一
4371;葬;12 画;一
4372;蒈;12 画;一
4373;募;12 画;一
4374;葺;12 画;一
4375;葛;12 画;一
4376;蒉;12 画;一
4377;葸;12 画;一
4378;萼;12 画;一
4379;蓇;12 画;一
4380;萩;12 画;一
4381;董;12 画;一
4382;葆;12 画;一
4383;葩;12 画;一
4384;葡;12 画;一
4385;敬;12 画;一
4386;葱;12 画;一
4387;蒋;12 画;一
4388;葶;12 画;一
4389;蒂;12 画;一
4390;蒌;12 画;一
4391;篊;12 画;一
4392;蒎;12 画;一
4393;落;12 画;一
4394;萱;12 画;一
4395;葖;12 画;一
4396;韩;12 画;一
4397;戟;12 画;一
4398;朝;12 画;一
4399;葭;12 画;一
4400;辜;12 画;一
4401;葵;12 画;一
4402;棒;12 画;一
4403;楮;12 画;一
4404;棱;12 画;一
4405;棋;12 画;一
4406;椰;12 画;一
4407;植;12 画;一
4408;森;12 画;一
4409;棼;12 画;一
4410;焚;12 画;一
4411;椟;12 画;一
4412;椅;12 画;一
4413;椒;12 画;一
4414;棹;12 画;一
4415;棵;12 画;一
4416;棍;12 画;一
4417;椤;12 画;一
4418;棰;12 画;一
4419;椎;12 画;一
4420;棉;12 画;一
4421;椑;12 画;一
4422;鹀;12 画;一
4423;赍;12 画;一
4424;棚;12 画;一
4425;椋;12 画;一
4426;椁;12 画;一
4427;棬;12 画;一
4428;棕;12 画;一
4429;棺;12 画;一
4430;榔;12 画;一
4431;楗;12 画;一
4432;棣;12 画;一
4433;椐;12 画;一
4434;椭;12 画;一
4435;鹁;12 画;一
4436;惠;12 画;一
4437;惑;12 画;一
4438;逼;12 画;一
4439;覃;12 画;一
4440;粟;12 画;一
4441;棘;12 画;一
4442;酣;12 画;一
4443;酤;12 画;一
4444;酢;12 画;一
4445;酥;12 画;一
4446;酡;12 画;一
4447;酦;12 画;一
4448;鹂;12 画;一
4449;觌;12 画;一
4450;厨;12 画;一
4451;厦;12 画;一
4452;硬;12 画;一
4453;硝;12 画;一
4454;硪;12 画;一
4455;硷;12 画;一
4456;确;12 画;一
4457;硫;12 画;一
4458;雁;12 画;一
4459;厥;12 画;一
4460;殖;12 画;一
4461;裂;12 画;一
4462;雄;12 画;一
4463;殚;12 画;一
4464;殛;12 画;一
4465;颊;12 画;一
4466;雳;12 画;一
4467;雯;12 画;一
4468;辊;12 画;一
4469;辋;12 画;一
4470;椠;12 画;一
4471;暂;12 画;一
4472;辌;12 画;一
4473;辍;12 画;一
4474;辎;12 画;一
4475;雅;12 画;一
4476;翘;12 画;一
4477;辈;12 画;丨
4478;斐;12 画;丨
4479;悲;12 画;丨
4480;紫;12 画;丨
4481;凿;12 画;丨
4482;黹;12 画;丨
4483;辉;12 画;丨
4484;敞;12 画;丨
4485;棠;12 画;丨
4486;牚;12 画;丨
4487;赏;12 画;丨
4488;掌;12 画;丨
4489;晴;12 画;丨
4490;睐;12 画;丨
4491;暑;12 画;丨
4492;最;12 画;丨
4493;晰;12 画;丨
4494;量;12 画;丨
4495;睑;12 画;丨
4496;睇;12 画;丨
4497;鼎;12 画;丨
4498;睃;12 画;丨
4499;喷;12 画;丨
4500;戢;12 画;丨
4501;喋;12 画;丨
4502;嗒;12 画;丨
4503;喃;12 画;丨
4504;喳;12 画;丨
4505;晶;12 画;丨
4506;喇;12 画;丨
4507;遇;12 画;丨
4508;喊;12 画;丨
4509;喱;12 画;丨
4510;喹;12 画;丨
4511;遏;12 画;丨
4512;晷;12 画;丨
4513;晾;12 画;丨
4514;景;12 画;丨
4515;喈;12 画;丨
4516;畴;12 画;丨
4517;践;12 画;丨
4518;跖;12 画;丨
4519;跋;12 画;丨
4520;跌;12 画;丨
4521;跗;12 画;丨
4522;跞;12 画;丨
4523;跚;12 画;丨
4524;跑;12 画;丨
4525;跎;12 画;丨
4526;跏;12 画;丨
4527;跛;12 画;丨
4528;跆;12 画;丨
4529;遗;12 画;丨
4530;蛙;12 画;丨
4531;蛱;12 画;丨
4532;蛲;12 画;丨
4533;蛭;12 画;丨
4534;蛳;12 画;丨
4535;蛐;12 画;丨
4536;蛔;12 画;丨
4537;蛛;12 画;丨
4538;蜓;12 画;丨
4539;蛞;12 画;丨
4540;蜒;12 画;丨
4541;蛤;12 画;丨
4542;蛴;12 画;丨
4543;蛟;12 画;丨
4544;蛘;12 画;丨
4545;蛑;12 画;丨
4546;畯;12 画;丨
4547;喁;12 画;丨
4548;喝;12 画;丨
4549;鹃;12 画;丨
4550;喂;12 画;丨
4551;喟;12 画;丨
4552;斝;12 画;丨
4553;喘;12 画;丨
4554;啾;12 画;丨
4555;嗖;12 画;丨
4556;喤;12 画;丨
4557;喉;12 画;丨
4558;喻;12 画;丨
4559;喑;12 画;丨
4560;啼;12 画;丨
4561;嗟;12 画;丨
4562;喽;12 画;丨
4563;嗞;12 画;丨
4564;喧;12 画;丨
4565;喀;12 画;丨
4566;喔;12 画;丨
4567;喙;12 画;丨
4568;嵌;12 画;丨
4569;嵘;12 画;丨
4570;嵖;12 画;丨
4571;幅;12 画;丨
4572;崴;12 画;丨
4573;遄;12 画;丨
4574;詈;12 画;丨
4575;帽;12 画;丨
4576;嵎;12 画;丨
4577;崽;12 画;丨
4578;嵚;12 画;丨
4579;嵬;12 画;丨
4580;嵛;12 画;丨
4581;翙;12 画;丨
4582;嵯;12 画;丨
4583;嵝;12 画;丨
4584;嵫;12 画;丨
4585;幄;12 画;丨
4586;嵋;12 画;丨
4587;赋;12 画;丨
4588;赌;12 画;丨
4589;赎;12 画;丨
4590;赐;12 画;丨
4591;赑;12 画;丨
4592;赔;12 画;丨
4593;黑;12 画;丨
4594;铸;12 画;丿
4595;铹;12 画;丿
4596;铺;12 画;丿
4597;铻;12 画;丿
4598;铼;12 画;丿
4599;铽;12 画;丿
4600;链;12 画;丿
4601;铿;12 画;丿
4602;销;12 画;丿
4603;锁;12 画;丿
4604;锃;12 画;丿
4605;锄;12 画;丿
4606;锂;12 画;丿
4607;锅;12 画;丿
4608;锆;12 画;丿
4609;锇;12 画;丿
4610;锈;12 画;丿
4611;锉;12 画;丿
4612;锊;12 画;丿
4613;锋;12 画;丿
4614;锌;12 画;丿
4615;锎;12 画;丿
4616;锏;12 画;丿
4617;锐;12 画;丿
4618;锑;12 画;丿
4619;锒;12 画;丿
4620;锓;12 画;丿
4621;锔;12 画;丿
4622;锕;12 画;丿
4623;甥;12 画;丿
4624;掣;12 画;丿
4625;掰;12 画;丿
4626;短;12 画;丿
4627;智;12 画;丿
4628;矬;12 画;丿
4629;氰;12 画;丿
4630;毳;12 画;丿
4631;毯;12 画;丿
4632;氮;12 画;丿
4633;毽;12 画;丿
4634;氯;12 画;丿
4635;犊;12 画;丿
4636;犄;12 画;丿
4637;犋;12 画;丿
4638;鹄;12 画;丿
4639;犍;12 画;丿
4640;鹅;12 画;丿
4641;颋;12 画;丿
4642;剩;12 画;丿
4643;嵇;12 画;丿
4644;稍;12 画;丿
4645;程;12 画;丿
4646;稀;12 画;丿
4647;黍;12 画;丿
4648;稃;12 画;丿
4649;税;12 画;丿
4650;稂;12 画;丿
4651;筐;12 画;丿
4652;等;12 画;丿
4653;筘;12 画;丿
4654;筑;12 画;丿
4655;策;12 画;丿
4656;筚;12 画;丿
4657;筛;12 画;丿
4658;筜;12 画;丿
4659;筒;12 画;丿
4660;筅;12 画;丿
4661;筏;12 画;丿
4662;筵;12 画;丿
4663;筌;12 画;丿
4664;答;12 画;丿
4665;筋;12 画;丿
4666;筝;12 画;丿
4667;傣;12 画;丿
4668;傲;12 画;丿
4669;傅;12 画;丿
4670;傈;12 画;丿
4671;舄;12 画;丿
4672;牍;12 画;丿
4673;牌;12 画;丿
4674;傥;12 画;丿
4675;堡;12 画;丿
4676;集;12 画;丿
4677;焦;12 画;丿
4678;傍;12 画;丿
4679;傧;12 画;丿
4680;储;12 画;丿
4681;遑;12 画;丿
4682;皓;12 画;丿
4683;皖;12 画;丿
4684;粤;12 画;丿
4685;奥;12 画;丿
4686;傩;12 画;丿
4687;遁;12 画;丿
4688;街;12 画;丿
4689;惩;12 画;丿
4690;御;12 画;丿
4691;徨;12 画;丿
4692;循;12 画;丿
4693;舾;12 画;丿
4694;艇;12 画;丿
4695;舒;12 画;丿
4696;畲;12 画;丿
4697;弑;12 画;丿
4698;逾;12 画;丿
4699;颌;12 画;丿
4700;翕;12 画;丿
4701;釉;12 画;丿
4702;番;12 画;丿
4703;释;12 画;丿
4704;鹆;12 画;丿
4705;禽;12 画;丿
4706;舜;12 画;丿
4707;貂;12 画;丿
4708;腈;12 画;丿
4709;腊;12 画;丿
4710;腌;12 画;丿
4711;腓;12 画;丿
4712;腆;12 画;丿
4713;腴;12 画;丿
4714;脾;12 画;丿
4715;腋;12 画;丿
4716;腑;12 画;丿
4717;腙;12 画;丿
4718;腚;12 画;丿
4719;腔;12 画;丿
4720;腕;12 画;丿
4721;腱;12 画;丿
4722;腒;12 画;丿
4723;鱿;12 画;丿
4724;鲀;12 画;丿
4725;鲁;12 画;丿
4726;鲂;12 画;丿
4727;鲃;12 画;丿
4728;颍;12 画;丿
4729;猢;12 画;丿
4730;猹;12 画;丿
4731;猩;12 画;丿
4732;猥;12 画;丿
4733;猬;12 画;丿
4734;猾;12 画;丿
4735;猴;12 画;丿
4736;飓;12 画;丿
4737;觞;12 画;丿
4738;觚;12 画;丿
4739;猸;12 画;丿
4740;猱;12 画;丿
4741;惫;12 画;丿
4742;飧;12 画;丿
4743;然;12 画;丿
4744;馇;12 画;丿
4745;馈;12 画;丿
4746;馉;12 画;丿
4747;馊;12 画;丿
4748;馋;12 画;丿
4749;亵;12 画;丶
4750;装;12 画;丶
4751;蛮;12 画;丶
4752;脔;12 画;丶
4753;就;12 画;丶
4754;敦;12 画;丶
4755;裒;12 画;丶
4756;廋;12 画;丶
4757;斌;12 画;丶
4758;痣;12 画;丶
4759;痨;12 画;丶
4760;痦;12 画;丶
4761;痘;12 画;丶
4762;痞;12 画;丶
4763;痢;12 画;丶
4764;痤;12 画;丶
4765;痪;12 画;丶
4766;痫;12 画;丶
4767;痧;12 画;丶
4768;痛;12 画;丶
4769;鄌;12 画;丶
4770;赓;12 画;丶
4771;竦;12 画;丶
4772;童;12 画;丶
4773;瓿;12 画;丶
4774;竣;12 画;丶
4775;啻;12 画;丶
4776;颏;12 画;丶
4777;鹇;12 画;丶
4778;阑;12 画;丶
4779;阒;12 画;丶
4780;阔;12 画;丶
4781;阕;12 画;丶
4782;善;12 画;丶
4783;翔;12 画;丶
4784;羡;12 画;丶
4785;普;12 画;丶
4786;粪;12 画;丶
4787;粞;12 画;丶
4788;尊;12 画;丶
4789;奠;12 画;丶
4790;遒;12 画;丶
4791;道;12 画;丶
4792;遂;12 画;丶
4793;孳;12 画;丶
4794;曾;12 画;丶
4795;焯;12 画;丶
4796;焜;12 画;丶
4797;焰;12 画;丶
4798;焙;12 画;丶
4799;焱;12 画;丶
4800;鹈;12 画;丶
4801;湛;12 画;丶
4802;港;12 画;丶
4803;渫;12 画;丶
4804;滞;12 画;丶
4805;湖;12 画;丶
4806;湘;12 画;丶
4807;渣;12 画;丶
4808;渤;12 画;丶
4809;湮;12 画;丶
4810;湎;12 画;丶
4811;湝;12 画;丶
4812;湨;12 画;丶
4813;湜;12 画;丶
4814;渺;12 画;丶
4815;湿;12 画;丶
4816;温;12 画;丶
4817;渴;12 画;丶
4818;渭;12 画;丶
4819;溃;12 画;丶
4820;湍;12 画;丶
4821;溅;12 画;丶
4822;滑;12 画;丶
4823;湃;12 画;丶
4824;湫;12 画;丶
4825;溲;12 画;丶
4826;湟;12 画;丶
4827;溆;12 画;丶
4828;渝;12 画;丶
4829;湲;12 画;丶
4830;湾;12 画;丶
4831;渡;12 画;丶
4832;游;12 画;丶
4833;溠;12 画;丶
4834;溇;12 画;丶
4835;湔;12 画;丶
4836;滋;12 画;丶
4837;湉;12 画;丶
4838;渲;12 画;丶
4839;溉;12 画;丶
4840;渥;12 画;丶
4841;湄;12 画;丶
4842;滁;12 画;丶
4843;愤;12 画;丶
4844;慌;12 画;丶
4845;惰;12 画;丶
4846;愠;12 画;丶
4847;惺;12 画;丶
4848;愦;12 画;丶
4849;愕;12 画;丶
4850;惴;12 画;丶
4851;愣;12 画;丶
4852;愀;12 画;丶
4853;愎;12 画;丶
4854;惶;12 画;丶
4855;愧;12 画;丶
4856;愉;12 画;丶
4857;愔;12 画;丶
4858;慨;12 画;丶
4859;喾;12 画;丶
4860;割;12 画;丶
4861;寒;12 画;丶
4862;富;12 画;丶
4863;寓;12 画;丶
4864;窜;12 画;丶
4865;窝;12 画;丶
4866;窖;12 画;丶
4867;窗;12 画;丶
4868;窘;12 画;丶
4869;寐;12 画;丶
4870;谟;12 画;丶
4871;扉;12 画;丶
4872;遍;12 画;丶
4873;棨;12 画;丶
4874;雇;12 画;丶
4875;扊;12 画;丶
4876;裢;12 画;丶
4877;裎;12 画;丶
4878;裣;12 画;丶
4879;裕;12 画;丶
4880;裤;12 画;丶
4881;裥;12 画;丶
4882;裙;12 画;丶
4883;祾;12 画;丶
4884;祺;12 画;丶
4885;祼;12 画;丶
4886;谠;12 画;丶
4887;禅;12 画;丶
4888;禄;12 画;丶
4889;幂;12 画;丶
4890;谡;12 画;丶
4891;谢;12 画;丶
4892;谣;12 画;丶
4893;谤;12 画;丶
4894;谥;12 画;丶
4895;谦;12 画;丶
4896;谧;12 画;丶
4897;堲;12 画;乛
4898;遐;12 画;乛
4899;犀;12 画;乛
4900;属;12 画;乛
4901;屡;12 画;乛
4902;孱;12 画;乛
4903;弼;12 画;乛
4904;强;12 画;乛
4905;粥;12 画;乛
4906;巽;12 画;乛
4907;疏;12 画;乛
4908;隔;12 画;乛
4909;骘;12 画;乛
4910;隙;12 画;乛
4911;隘;12 画;乛
4912;媒;12 画;乛
4913;媪;12 画;乛
4914;絮;12 画;乛
4915;嫂;12 画;乛
4916;媛;12 画;乛
4917;婷;12 画;乛
4918;媚;12 画;乛
4919;婿;12 画;乛
4920;巯;12 画;乛
4921;毵;12 画;乛
4922;翚;12 画;乛
4923;登;12 画;乛
4924;皴;12 画;乛
4925;婺;12 画;乛
4926;骛;12 画;乛
4927;缂;12 画;乛
4928;缃;12 画;乛
4929;缄;12 画;乛
4930;缅;12 画;乛
4931;彘;12 画;乛
4932;缆;12 画;乛
4933;缇;12 画;乛
4934;缈;12 画;乛
4935;缉;12 画;乛
4936;缌;12 画;乛
4937;缎;12 画;乛
4938;缏;12 画;乛
4939;缑;12 画;乛
4940;缒;12 画;乛
4941;缓;12 画;乛
4942;缔;12 画;乛
4943;缕;12 画;乛
4944;骗;12 画;乛
4945;编;12 画;乛
4946;缗;12 画;乛
4947;骙;12 画;乛
4948;骚;12 画;乛
4949;缘;12 画;乛
4950;飨;12 画;乛
4951;耢;13 画;一
4952;瑟;13 画;一
4953;瑚;13 画;一
4954;鹉;13 画;一
4955;瑁;13 画;一
4956;瑞;13 画;一
4957;瑰;13 画;一
4958;瑀;13 画;一
4959;瑜;13 画;一
4960;瑗;13 画;一
4961;瑄;13 画;一
4962;瑕;13 画;一
4963;遨;13 画;一
4964;骜;13 画;一
4965;瑙;13 画;一
4966;遘;13 画;一
4967;韫;13 画;一
4968;魂;13 画;一
4969;髡;13 画;一
4970;肆;13 画;一
4971;摄;13 画;一
4972;摸;13 画;一
4973;填;13 画;一
4974;搏;13 画;一
4975;塥;13 画;一
4976;塬;13 画;一
4977;鄢;13 画;一
4978;趔;13 画;一
4979;趑;13 画;一
4980;摅;13 画;一
4981;塌;13 画;一
4982;摁;13 画;一
4983;鼓;13 画;一
4984;摆;13 画;一
4985;赪;13 画;一
4986;携;13 画;一
4987;塮;13 画;一
4988;蜇;13 画;一
4989;搋;13 画;一
4990;搬;13 画;一
4991;摇;13 画;一
4992;搞;13 画;一
4993;搪;13 画;一
4994;塘;13 画;一
4995;搒;13 画;一
4996;搐;13 画;一
4997;搛;13 画;一
4998;搠;13 画;一
4999;摈;13 画;一
5000;彀;13 画;一
5001;毂;13 画;一
5002;搌;13 画;一
5003;搦;13 画;一
5004;摊;13 画;一
5005;搡;13 画;一
5006;聘;13 画;一
5007;蓁;13 画;一
5008;戡;13 画;一
5009;斟;13 画;一
5010;蒜;13 画;一
5011;蓍;13 画;一
5012;鄞;13 画;一
5013;勤;13 画;一
5014;靴;13 画;一
5015;靳;13 画;一
5016;靶;13 画;一
5017;鹊;13 画;一
5018;蓐;13 画;一
5019;蓝;13 画;一
5020;墓;13 画;一
5021;幕;13 画;一
5022;蓦;13 画;一
5023;鹋;13 画;一
5024;蒽;13 画;一
5025;蓓;13 画;一
5026;蓖;13 画;一
5027;蓊;13 画;一
5028;蒯;13 画;一
5029;蓟;13 画;一
5030;蓬;13 画;一
5031;蓑;13 画;一
5032;蒿;13 画;一
5033;蒺;13 画;一
5034;蓠;13 画;一
5035;蒟;13 画;一
5036;蒡;13 画;一
5037;蓄;13 画;一
5038;蒹;13 画;一
5039;蒴;13 画;一
5040;蒲;13 画;一
5041;蒗;13 画;一
5042;蓉;13 画;一
5043;蒙;13 画;一
5044;蓂;13 画;一
5045;蓥;13 画;一
5046;颐;13 画;一
5047;蒸;13 画;一
5048;献;13 画;一
5049;蓣;13 画;一
5050;楔;13 画;一
5051;椿;13 画;一
5052;楠;13 画;一
5053;禁;13 画;一
5054;楂;13 画;一
5055;楚;13 画;一
5056;楝;13 画;一
5057;楷;13 画;一
5058;榄;13 画;一
5059;想;13 画;一
5060;楫;13 画;一
5061;榀;13 画;一
5062;楞;13 画;一
5063;楸;13 画;一
5064;椴;13 画;一
5065;槐;13 画;一
5066;槌;13 画;一
5067;楯;13 画;一
5068;榆;13 画;一
5069;榇;13 画;一
5070;榈;13 画;一
5071;槎;13 画;一
5072;楼;13 画;一
5073;榉;13 画;一
5074;楦;13 画;一
5075;概;13 画;一
5076;楣;13 画;一
5077;楹;13 画;一
5078;椽;13 画;一
5079;裘;13 画;一
5080;赖;13 画;一
5081;剽;13 画;一
5082;甄;13 画;一
5083;酮;13 画;一
5084;酰;13 画;一
5085;酯;13 画;一
5086;酪;13 画;一
5087;酩;13 画;一
5088;酬;13 画;一
5089;蜃;13 画;一
5090;感;13 画;一
5091;碛;13 画;一
5092;碍;13 画;一
5093;碘;13 画;一
5094;碓;13 画;一
5095;碑;13 画;一
5096;硼;13 画;一
5097;碉;13 画;一
5098;碎;13 画;一
5099;碚;13 画;一
5100;碰;13 画;一
5101;碇;13 画;一
5102;碗;13 画;一
5103;碌;13 画;一
5104;碜;13 画;一
5105;鹌;13 画;一
5106;尴;13 画;一
5107;雷;13 画;一
5108;零;13 画;一
5109;雾;13 画;一
5110;雹;13 画;一
5111;辏;13 画;一
5112;辐;13 画;一
5113;辑;13 画;一
5114;辒;13 画;一
5115;输;13 画;一
5116;督;13 画;丨
5117;频;13 画;丨
5118;龃;13 画;丨
5119;龄;13 画;丨
5120;龅;13 画;丨
5121;龆;13 画;丨
5122;觜;13 画;丨
5123;訾;13 画;丨
5124;粲;13 画;丨
5125;虞;13 画;丨
5126;鉴;13 画;丨
5127;睛;13 画;丨
5128;睹;13 画;丨
5129;睦;13 画;丨
5130;瞄;13 画;丨
5131;睚;13 画;丨
5132;嗪;13 画;丨
5133;睫;13 画;丨
5134;韪;13 画;丨
5135;嗷;13 画;丨
5136;嗉;13 画;丨
5137;睡;13 画;丨
5138;睨;13 画;丨
5139;睢;13 画;丨
5140;雎;13 画;丨
5141;睥;13 画;丨
5142;睬;13 画;丨
5143;嘟;13 画;丨
5144;嗜;13 画;丨
5145;嗑;13 画;丨
5146;嗫;13 画;丨
5147;嗬;13 画;丨
5148;嗔;13 画;丨
5149;鄙;13 画;丨
5150;嗦;13 画;丨
5151;嗝;13 画;丨
5152;愚;13 画;丨
5153;戥;13 画;丨
5154;嗄;13 画;丨
5155;暖;13 画;丨
5156;盟;13 画;丨
5157;煦;13 画;丨
5158;歇;13 画;丨
5159;暗;13 画;丨
5160;暅;13 画;丨
5161;暄;13 画;丨
5162;暇;13 画;丨
5163;照;13 画;丨
5164;遢;13 画;丨
5165;暌;13 画;丨
5166;畸;13 画;丨
5167;跬;13 画;丨
5168;跨;13 画;丨
5169;跶;13 画;丨
5170;跷;13 画;丨
5171;跸;13 画;丨
5172;跐;13 画;丨
5173;跣;13 画;丨
5174;跹;13 画;丨
5175;跳;13 画;丨
5176;跺;13 画;丨
5177;跪;13 画;丨
5178;路;13 画;丨
5179;跻;13 画;丨
5180;跤;13 画;丨
5181;跟;13 画;丨
5182;遣;13 画;丨
5183;蛸;13 画;丨
5184;蜈;13 画;丨
5185;蜎;13 画;丨
5186;蜗;13 画;丨
5187;蛾;13 画;丨
5188;蜊;13 画;丨
5189;蜍;13 画;丨
5190;蜉;13 画;丨
5191;蜂;13 画;丨
5192;蜣;13 画;丨
5193;蜕;13 画;丨
5194;畹;13 画;丨
5195;蛹;13 画;丨
5196;嗣;13 画;丨
5197;嗯;13 画;丨
5198;嗅;13 画;丨
5199;嗥;13 画;丨
5200;嗲;13 画;丨
5201;嗳;13 画;丨
5202;嗡;13 画;丨
5203;嗌;13 画;丨
5204;嗍;13 画;丨
5205;嗨;13 画;丨
5206;嗤;13 画;丨
5207;嗵;13 画;丨
5208;嗓;13 画;丨
5209;署;13 画;丨
5210;置;13 画;丨
5211;罨;13 画;丨
5212;罪;13 画;丨
5213;罩;13 画;丨
5214;蜀;13 画;丨
5215;幌;13 画;丨
5216;嵊;13 画;丨
5217;嵩;13 画;丨
5218;嵴;13 画;丨
5219;骰;13 画;丨
5220;锖;13 画;丿
5221;锗;13 画;丿
5222;错;13 画;丿
5223;锘;13 画;丿
5224;锚;13 画;丿
5225;锛;13 画;丿
5226;锜;13 画;丿
5227;锝;13 画;丿
5228;锞;13 画;丿
5229;锟;13 画;丿
5230;锡;13 画;丿
5231;锢;13 画;丿
5232;锣;13 画;丿
5233;锤;13 画;丿
5234;锥;13 画;丿
5235;锦;13 画;丿
5236;锧;13 画;丿
5237;锨;13 画;丿
5238;锪;13 画;丿
5239;锫;13 画;丿
5240;锩;13 画;丿
5241;锬;13 画;丿
5242;锭;13 画;丿
5243;键;13 画;丿
5244;锯;13 画;丿
5245;锰;13 画;丿
5246;锱;13 画;丿
5247;矮;13 画;丿
5248;雉;13 画;丿
5249;氲;13 画;丿
5250;犏;13 画;丿
5251;辞;13 画;丿
5252;歃;13 画;丿
5253;稞;13 画;丿
5254;稚;13 画;丿
5255;稗;13 画;丿
5256;稔;13 画;丿
5257;稠;13 画;丿
5258;颓;13 画;丿
5259;愁;13 画;丿
5260;筹;13 画;丿
5261;筠;13 画;丿
5262;筢;13 画;丿
5263;筮;13 画;丿
5264;筻;13 画;丿
5265;筲;13 画;丿
5266;筼;13 画;丿
5267;筱;13 画;丿
5268;签;13 画;丿
5269;简;13 画;丿
5270;筷;13 画;丿
5271;毁;13 画;丿
5272;舅;13 画;丿
5273;鼠;13 画;丿
5274;牒;13 画;丿
5275;煲;13 画;丿
5276;催;13 画;丿
5277;傻;13 画;丿
5278;像;13 画;丿
5279;躲;13 画;丿
5280;鹎;13 画;丿
5281;魁;13 画;丿
5282;敫;13 画;丿
5283;僇;13 画;丿
5284;衙;13 画;丿
5285;微;13 画;丿
5286;徭;13 画;丿
5287;愆;13 画;丿
5288;艄;13 画;丿
5289;觎;13 画;丿
5290;毹;13 画;丿
5291;愈;13 画;丿
5292;遥;13 画;丿
5293;貊;13 画;丿
5294;貅;13 画;丿
5295;貉;13 画;丿
5296;颔;13 画;丿
5297;腻;13 画;丿
5298;腠;13 画;丿
5299;腩;13 画;丿
5300;腰;13 画;丿
5301;腼;13 画;丿
5302;腽;13 画;丿
5303;腥;13 画;丿
5304;腮;13 画;丿
5305;腭;13 画;丿
5306;腹;13 画;丿
5307;腺;13 画;丿
5308;腧;13 画;丿
5309;鹏;13 画;丿
5310;塍;13 画;丿
5311;媵;13 画;丿
5312;腾;13 画;丿
5313;腿;13 画;丿
5314;詹;13 画;丿
5315;鲅;13 画;丿
5316;鲆;13 画;丿
5317;鲇;13 画;丿
5318;鲈;13 画;丿
5319;鲉;13 画;丿
5320;鲊;13 画;丿
5321;稣;13 画;丿
5322;鲋;13 画;丿
5323;鲌;13 画;丿
5324;鲍;13 画;丿
5325;鲏;13 画;丿
5326;鲐;13 画;丿
5327;肄;13 画;丿
5328;猿;13 画;丿
5329;颖;13 画;丿
5330;鹐;13 画;丿
5331;飔;13 画;丿
5332;飕;13 画;丿
5333;觥;13 画;丿
5334;触;13 画;丿
5335;解;13 画;丿
5336;遛;13 画;丿
5337;煞;13 画;丿
5338;雏;13 画;丿
5339;馌;13 画;丿
5340;馍;13 画;丿
5341;馏;13 画;丿
5342;馐;13 画;丿
5343;酱;13 画;丶
5344;鹑;13 画;丶
5345;禀;13 画;丶
5346;亶;13 画;丶
5347;廒;13 画;丶
5348;瘃;13 画;丶
5349;痱;13 画;丶
5350;痹;13 画;丶
5351;痼;13 画;丶
5352;廓;13 画;丶
5353;痴;13 画;丶
5354;痿;13 画;丶
5355;瘐;13 画;丶
5356;瘁;13 画;丶
5357;瘅;13 画;丶
5358;痰;13 画;丶
5359;瘆;13 画;丶
5360;廉;13 画;丶
5361;鄘;13 画;丶
5362;麂;13 画;丶
5363;裔;13 画;丶
5364;靖;13 画;丶
5365;新;13 画;丶
5366;鄣;13 画;丶
5367;歆;13 画;丶
5368;韵;13 画;丶
5369;意;13 画;丶
5370;旒;13 画;丶
5371;雍;13 画;丶
5372;阖;13 画;丶
5373;阗;13 画;丶
5374;阘;13 画;丶
5375;阙;13 画;丶
5376;羧;13 画;丶
5377;豢;13 画;丶
5378;誊;13 画;丶
5379;粳;13 画;丶
5380;粮;13 画;丶
5381;数;13 画;丶
5382;煎;13 画;丶
5383;猷;13 画;丶
5384;塑;13 画;丶
5385;慈;13 画;丶
5386;煤;13 画;丶
5387;煳;13 画;丶
5388;煜;13 画;丶
5389;煨;13 画;丶
5390;煅;13 画;丶
5391;煌;13 画;丶
5392;煊;13 画;丶
5393;煸;13 画;丶
5394;煺;13 画;丶
5395;滟;13 画;丶
5396;溱;13 画;丶
5397;溘;13 画;丶
5398;滠;13 画;丶
5399;满;13 画;丶
5400;漭;13 画;丶
5401;漠;13 画;丶
5402;滢;13 画;丶
5403;滇;13 画;丶
5404;溥;13 画;丶
5405;溧;13 画;丶
5406;溽;13 画;丶
5407;源;13 画;丶
5408;滤;13 画;丶
5409;滥;13 画;丶
5410;裟;13 画;丶
5411;溻;13 画;丶
5412;溷;13 画;丶
5413;溦;13 画;丶
5414;滗;13 画;丶
5415;滫;13 画;丶
5416;溴;13 画;丶
5417;滏;13 画;丶
5418;滔;13 画;丶
5419;溪;13 画;丶
5420;滃;13 画;丶
5421;溜;13 画;丶
5422;滦;13 画;丶
5423;漓;13 画;丶
5424;滚;13 画;丶
5425;溏;13 画;丶
5426;滂;13 画;丶
5427;溢;13 画;丶
5428;溯;13 画;丶
5429;滨;13 画;丶
5430;溶;13 画;丶
5431;滓;13 画;丶
5432;溟;13 画;丶
5433;滘;13 画;丶
5434;溺;13 画;丶
5435;滍;13 画;丶
5436;粱;13 画;丶
5437;滩;13 画;丶
5438;滪;13 画;丶
5439;愫;13 画;丶
5440;慑;13 画;丶
5441;慎;13 画;丶
5442;慥;13 画;丶
5443;慊;13 画;丶
5444;誉;13 画;丶
5445;鲎;13 画;丶
5446;塞;13 画;丶
5447;骞;13 画;丶
5448;寞;13 画;丶
5449;窥;13 画;丶
5450;窦;13 画;丶
5451;窠;13 画;丶
5452;窣;13 画;丶
5453;窟;13 画;丶
5454;寝;13 画;丶
5455;谨;13 画;丶
5456;裱;13 画;丶
5457;褂;13 画;丶
5458;褚;13 画;丶
5459;裸;13 画;丶
5460;裼;13 画;丶
5461;裨;13 画;丶
5462;裾;13 画;丶
5463;裰;13 画;丶
5464;禊;13 画;丶
5465;福;13 画;丶
5466;谩;13 画;丶
5467;谪;13 画;丶
5468;谫;13 画;丶
5469;谬;13 画;丶
5470;群;13 画;乛
5471;殿;13 画;乛
5472;辟;13 画;乛
5473;障;13 画;乛
5474;媾;13 画;乛
5475;嫫;13 画;乛
5476;媳;13 画;乛
5477;媲;13 画;乛
5478;嫒;13 画;乛
5479;嫉;13 画;乛
5480;嫌;13 画;乛
5481;嫁;13 画;乛
5482;嫔;13 画;乛
5483;媸;13 画;乛
5484;叠;13 画;乛
5485;缙;13 画;乛
5486;缜;13 画;乛
5487;缚;13 画;乛
5488;缛;13 画;乛
5489;辔;13 画;乛
5490;缝;13 画;乛
5491;骝;13 画;乛
5492;缟;13 画;乛
5493;缠;13 画;乛
5494;缡;13 画;乛
5495;缢;13 画;乛
5496;缣;13 画;乛
5497;缤;13 画;乛
5498;骟;13 画;乛
5499;剿;13 画;乛
5500;耥;14 画;一
5501;璈;14 画;一
5502;静;14 画;一
5503;碧;14 画;一
5504;瑶;14 画;一
5505;璃;14 画;一
5506;瑭;14 画;一
5507;瑢;14 画;一
5508;獒;14 画;一
5509;赘;14 画;一
5510;熬;14 画;一
5511;觏;14 画;一
5512;慝;14 画;一
5513;嫠;14 画;一
5514;韬;14 画;一
5515;髦;14 画;一
5516;墈;14 画;一
5517;墙;14 画;一
5518;摽;14 画;一
5519;墟;14 画;一
5520;撇;14 画;一
5521;墁;14 画;一
5522;撂;14 画;一
5523;摞;14 画;一
5524;嘉;14 画;一
5525;摧;14 画;一
5526;撄;14 画;一
5527;赫;14 画;一
5528;截;14 画;一
5529;翥;14 画;一
5530;踅;14 画;一
5531;誓;14 画;一
5532;銎;14 画;一
5533;摭;14 画;一
5534;墉;14 画;一
5535;境;14 画;一
5536;摘;14 画;一
5537;墒;14 画;一
5538;摔;14 画;一
5539;穀;14 画;一
5540;撖;14 画;一
5541;摺;14 画;一
5542;綦;14 画;一
5543;聚;14 画;一
5544;蔫;14 画;一
5545;蔷;14 画;一
5546;靺;14 画;一
5547;靼;14 画;一
5548;鞅;14 画;一
5549;靽;14 画;一
5550;鞁;14 画;一
5551;靿;14 画;一
5552;蔌;14 画;一
5553;蔽;14 画;一
5554;慕;14 画;一
5555;暮;14 画;一
5556;摹;14 画;一
5557;蔓;14 画;一
5558;蔑;14 画;一
5559;甍;14 画;一
5560;蔸;14 画;一
5561;蓰;14 画;一
5562;蔹;14 画;一
5563;蔡;14 画;一
5564;蔗;14 画;一
5565;蔟;14 画;一
5566;蔺;14 画;一
5567;戬;14 画;一
5568;蕖;14 画;一
5569;蔻;14 画;一
5570;蓿;14 画;一
5571;蔼;14 画;一
5572;斡;14 画;一
5573;熙;14 画;一
5574;蔚;14 画;一
5575;鹕;14 画;一
5576;兢;14 画;一
5577;嘏;14 画;一
5578;蓼;14 画;一
5579;榛;14 画;一
5580;榧;14 画;一
5581;模;14 画;一
5582;槚;14 画;一
5583;槛;14 画;一
5584;榻;14 画;一
5585;榫;14 画;一
5586;槜;14 画;一
5587;榭;14 画;一
5588;槔;14 画;一
5589;榴;14 画;一
5590;槁;14 画;一
5591;榜;14 画;一
5592;槟;14 画;一
5593;榨;14 画;一
5594;榕;14 画;一
5595;槠;14 画;一
5596;榷;14 画;一
5597;榍;14 画;一
5598;歌;14 画;一
5599;遭;14 画;一
5600;僰;14 画;一
5601;酵;14 画;一
5602;酽;14 画;一
5603;酾;14 画;一
5604;酲;14 画;一
5605;酷;14 画;一
5606;酶;14 画;一
5607;酴;14 画;一
5608;酹;14 画;一
5609;酿;14 画;一
5610;酸;14 画;一
5611;厮;14 画;一
5612;碶;14 画;一
5613;碡;14 画;一
5614;碟;14 画;一
5615;碴;14 画;一
5616;碱;14 画;一
5617;碣;14 画;一
5618;碳;14 画;一
5619;碲;14 画;一
5620;磋;14 画;一
5621;磁;14 画;一
5622;碹;14 画;一
5623;碥;14 画;一
5624;愿;14 画;一
5625;劂;14 画;一
5626;臧;14 画;一
5627;豨;14 画;一
5628;殡;14 画;一
5629;需;14 画;一
5630;霆;14 画;一
5631;霁;14 画;一
5632;辕;14 画;一
5633;辖;14 画;一
5634;辗;14 画;一
5635;蜚;14 画;丨
5636;裴;14 画;丨
5637;翡;14 画;丨
5638;雌;14 画;丨
5639;龇;14 画;丨
5640;龈;14 画;丨
5641;睿;14 画;丨
5642;弊;14 画;丨
5643;裳;14 画;丨
5644;颗;14 画;丨
5645;夥;14 画;丨
5646;瞅;14 画;丨
5647;瞍;14 画;丨
5648;睽;14 画;丨
5649;墅;14 画;丨
5650;嘞;14 画;丨
5651;嘈;14 画;丨
5652;嗽;14 画;丨
5653;嘌;14 画;丨
5654;嘁;14 画;丨
5655;嘎;14 画;丨
5656;暧;14 画;丨
5657;暝;14 画;丨
5658;踌;14 画;丨
5659;踉;14 画;丨
5660;跽;14 画;丨
5661;踊;14 画;丨
5662;蜻;14 画;丨
5663;蜞;14 画;丨
5664;蜡;14 画;丨
5665;蜥;14 画;丨
5666;蜮;14 画;丨
5667;蜾;14 画;丨
5668;蝈;14 画;丨
5669;蜴;14 画;丨
5670;蝇;14 画;丨
5671;蜘;14 画;丨
5672;蜱;14 画;丨
5673;蜩;14 画;丨
5674;蜷;14 画;丨
5675;蝉;14 画;丨
5676;蜿;14 画;丨
5677;螂;14 画;丨
5678;蜢;14 画;丨
5679;嘘;14 画;丨
5680;嘡;14 画;丨
5681;鹗;14 画;丨
5682;嘣;14 画;丨
5683;嘤;14 画;丨
5684;嘚;14 画;丨
5685;嘛;14 画;丨
5686;嘀;14 画;丨
5687;嗾;14 画;丨
5688;嘧;14 画;丨
5689;罴;14 画;丨
5690;罱;14 画;丨
5691;幔;14 画;丨
5692;嶂;14 画;丨
5693;幛;14 画;丨
5694;赙;14 画;丨
5695;罂;14 画;丨
5696;赚;14 画;丨
5697;骷;14 画;丨
5698;骶;14 画;丨
5699;鹘;14 画;丨
5700;锲;14 画;丿
5701;锴;14 画;丿
5702;锶;14 画;丿
5703;锷;14 画;丿
5704;锸;14 画;丿
5705;锹;14 画;丿
5706;锻;14 画;丿
5707;鍠;14 画;丿
5708;锾;14 画;丿
5709;锵;14 画;丿
5710;锿;14 画;丿
5711;镀;14 画;丿
5712;镁;14 画;丿
5713;镂;14 画;丿
5714;镃;14 画;丿
5715;镄;14 画;丿
5716;镅;14 画;丿
5717;舞;14 画;丿
5718;犒;14 画;丿
5719;舔;14 画;丿
5720;稳;14 画;丿
5721;熏;14 画;丿
5722;箐;14 画;丿
5723;箦;14 画;丿
5724;箧;14 画;丿
5725;箍;14 画;丿
5726;箸;14 画;丿
5727;箨;14 画;丿
5728;箕;14 画;丿
5729;箬;14 画;丿
5730;算;14 画;丿
5731;箅;14 画;丿
5732;箩;14 画;丿
5733;箪;14 画;丿
5734;箔;14 画;丿
5735;管;14 画;丿
5736;箜;14 画;丿
5737;箢;14 画;丿
5738;箫;14 画;丿
5739;箓;14 画;丿
5740;毓;14 画;丿
5741;舆;14 画;丿
5742;僖;14 画;丿
5743;儆;14 画;丿
5744;僳;14 画;丿
5745;僚;14 画;丿
5746;僭;14 画;丿
5747;僬;14 画;丿
5748;劁;14 画;丿
5749;僦;14 画;丿
5750;僮;14 画;丿
5751;僧;14 画;丿
5752;鼻;14 画;丿
5753;魄;14 画;丿
5754;魅;14 画;丿
5755;魃;14 画;丿
5756;魆;14 画;丿
5757;睾;14 画;丿
5758;艋;14 画;丿
5759;鄱;14 画;丿
5760;貌;14 画;丿
5761;膜;14 画;丿
5762;膊;14 画;丿
5763;膈;14 画;丿
5764;膀;14 画;丿
5765;膑;14 画;丿
5766;鲑;14 画;丿
5767;鲔;14 画;丿
5768;鲙;14 画;丿
5769;鲚;14 画;丿
5770;鲛;14 画;丿
5771;鲜;14 画;丿
5772;鲟;14 画;丿
5773;疑;14 画;丿
5774;獐;14 画;丿
5775;獍;14 画;丿
5776;飗;14 画;丿
5777;觫;14 画;丿
5778;雒;14 画;丿
5779;孵;14 画;丿
5780;夤;14 画;丿
5781;馑;14 画;丿
5782;馒;14 画;丿
5783;銮;14 画;丶
5784;裹;14 画;丶
5785;敲;14 画;丶
5786;豪;14 画;丶
5787;膏;14 画;丶
5788;塾;14 画;丶
5789;遮;14 画;丶
5790;麽;14 画;丶
5791;廙;14 画;丶
5792;腐;14 画;丶
5793;瘩;14 画;丶
5794;瘌;14 画;丶
5795;瘗;14 画;丶
5796;瘟;14 画;丶
5797;瘦;14 画;丶
5798;瘊;14 画;丶
5799;瘥;14 画;丶
5800;瘘;14 画;丶
5801;瘙;14 画;丶
5802;廖;14 画;丶
5803;辣;14 画;丶
5804;彰;14 画;丶
5805;竭;14 画;丶
5806;韶;14 画;丶
5807;端;14 画;丶
5808;旗;14 画;丶
5809;旖;14 画;丶
5810;膂;14 画;丶
5811;阚;14 画;丶
5812;鄯;14 画;丶
5813;鲞;14 画;丶
5814;精;14 画;丶
5815;粼;14 画;丶
5816;粹;14 画;丶
5817;粽;14 画;丶
5818;糁;14 画;丶
5819;歉;14 画;丶
5820;槊;14 画;丶
5821;鹚;14 画;丶
5822;熄;14 画;丶
5823;熘;14 画;丶
5824;熔;14 画;丶
5825;煽;14 画;丶
5826;熥;14 画;丶
5827;潢;14 画;丶
5828;潆;14 画;丶
5829;潇;14 画;丶
5830;漤;14 画;丶
5831;漆;14 画;丶
5832;漕;14 画;丶
5833;漱;14 画;丶
5834;漂;14 画;丶
5835;滹;14 画;丶
5836;漫;14 画;丶
5837;漯;14 画;丶
5838;漶;14 画;丶
5839;潋;14 画;丶
5840;潴;14 画;丶
5841;漪;14 画;丶
5842;漉;14 画;丶
5843;漳;14 画;丶
5844;滴;14 画;丶
5845;漩;14 画;丶
5846;漾;14 画;丶
5847;演;14 画;丶
5848;澉;14 画;丶
5849;漏;14 画;丶
5850;潍;14 画;丶
5851;慢;14 画;丶
5852;慷;14 画;丶
5853;慵;14 画;丶
5854;寨;14 画;丶
5855;赛;14 画;丶
5856;搴;14 画;丶
5857;寡;14 画;丶
5858;窬;14 画;丶
5859;窨;14 画;丶
5860;窭;14 画;丶
5861;察;14 画;丶
5862;蜜;14 画;丶
5863;寤;14 画;丶
5864;寥;14 画;丶
5865;谭;14 画;丶
5866;肇;14 画;丶
5867;綮;14 画;丶
5868;谮;14 画;丶
5869;褡;14 画;丶
5870;褙;14 画;丶
5871;褐;14 画;丶
5872;褓;14 画;丶
5873;褛;14 画;丶
5874;褊;14 画;丶
5875;褪;14 画;丶
5876;禚;14 画;丶
5877;谯;14 画;丶
5878;谰;14 画;丶
5879;谱;14 画;丶
5880;谲;14 画;丶
5881;暨;14 画;乛
5882;屣;14 画;乛
5883;鹛;14 画;乛
5884;隧;14 画;乛
5885;嫣;14 画;乛
5886;嫱;14 画;乛
5887;嫩;14 画;乛
5888;嫖;14 画;乛
5889;嫦;14 画;乛
5890;嫚;14 画;乛
5891;嫘;14 画;乛
5892;嫜;14 画;乛
5893;嫡;14 画;乛
5894;嫪;14 画;乛
5895;鼐;14 画;乛
5896;翟;14 画;乛
5897;翠;14 画;乛
5898;熊;14 画;乛
5899;凳;14 画;乛
5900;瞀;14 画;乛
5901;鹜;14 画;乛
5902;骠;14 画;乛
5903;缥;14 画;乛
5904;缦;14 画;乛
5905;缧;14 画;乛
5906;骡;14 画;乛
5907;缨;14 画;乛
5908;骢;14 画;乛
5909;缩;14 画;乛
5910;缪;14 画;乛
5911;缫;14 画;乛
5912;慧;15 画;一
5913;耦;15 画;一
5914;耧;15 画;一
5915;瑾;15 画;一
5916;璜;15 画;一
5917;璀;15 画;一
5918;璎;15 画;一
5919;璁;15 画;一
5920;璋;15 画;一
5921;璇;15 画;一
5922;璆;15 画;一
5923;奭;15 画;一
5924;撵;15 画;一
5925;髯;15 画;一
5926;髫;15 画;一
5927;撷;15 画;一
5928;撕;15 画;一
5929;撒;15 画;一
5930;撅;15 画;一
5931;撩;15 画;一
5932;趣;15 画;一
5933;趟;15 画;一
5934;撑;15 画;一
5935;撮;15 画;一
5936;撬;15 画;一
5937;赭;15 画;一
5938;播;15 画;一
5939;墦;15 画;一
5940;擒;15 画;一
5941;撸;15 画;一
5942;鋆;15 画;一
5943;墩;15 画;一
5944;撞;15 画;一
5945;撤;15 画;一
5946;撙;15 画;一
5947;增;15 画;一
5948;撺;15 画;一
5949;墀;15 画;一
5950;撰;15 画;一
5951;聩;15 画;一
5952;聪;15 画;一
5953;觐;15 画;一
5954;鞋;15 画;一
5955;鞑;15 画;一
5956;蕙;15 画;一
5957;鞒;15 画;一
5958;鞍;15 画;一
5959;蕈;15 画;一
5960;蕨;15 画;一
5961;蕤;15 画;一
5962;蕞;15 画;一
5963;蕺;15 画;一
5964;瞢;15 画;一
5965;蕉;15 画;一
5966;劐;15 画;一
5967;蕃;15 画;一
5968;蕲;15 画;一
5969;蕰;15 画;一
5970;蕊;15 画;一
5971;赜;15 画;一
5972;蔬;15 画;一
5973;蕴;15 画;一
5974;鼒;15 画;一
5975;槿;15 画;一
5976;横;15 画;一
5977;樯;15 画;一
5978;槽;15 画;一
5979;槭;15 画;一
5980;樗;15 画;一
5981;樘;15 画;一
5982;樱;15 画;一
5983;樊;15 画;一
5984;橡;15 画;一
5985;槲;15 画;一
5986;樟;15 画;一
5987;橄;15 画;一
5988;敷;15 画;一
5989;鹝;15 画;一
5990;豌;15 画;一
5991;飘;15 画;一
5992;醋;15 画;一
5993;醌;15 画;一
5994;醇;15 画;一
5995;醉;15 画;一
5996;醅;15 画;一
5997;靥;15 画;一
5998;魇;15 画;一
5999;餍;15 画;一
6000;磕;15 画;一
6001;磊;15 画;一
6002;磔;15 画;一
6003;磙;15 画;一
6004;磅;15 画;一
6005;碾;15 画;一
6006;磉;15 画;一
6007;殣;15 画;一
6008;憖;15 画;一
6009;震;15 画;一
6010;霄;15 画;一
6011;霉;15 画;一
6012;霈;15 画;一
6013;辘;15 画;一
6014;龉;15 画;丨
6015;龊;15 画;丨
6016;觑;15 画;丨
6017;憋;15 画;丨
6018;瞌;15 画;丨
6019;瞒;15 画;丨
6020;题;15 画;丨
6021;暴;15 画;丨
6022;瞎;15 画;丨
6023;瞑;15 画;丨
6024;嘻;15 画;丨
6025;嘭;15 画;丨
6026;噎;15 画;丨
6027;嘶;15 画;丨
6028;噶;15 画;丨
6029;嘲;15 画;丨
6030;颙;15 画;丨
6031;暹;15 画;丨
6032;嘹;15 画;丨
6033;影;15 画;丨
6034;踔;15 画;丨
6035;踝;15 画;丨
6036;踢;15 画;丨
6037;踏;15 画;丨
6038;踟;15 画;丨
6039;踬;15 画;丨
6040;踩;15 画;丨
6041;踮;15 画;丨
6042;踣;15 画;丨
6043;踯;15 画;丨
6044;踪;15 画;丨
6045;踺;15 画;丨
6046;踞;15 画;丨
6047;蝽;15 画;丨
6048;蝶;15 画;丨
6049;蝾;15 画;丨
6050;蝴;15 画;丨
6051;蝻;15 画;丨
6052;蝠;15 画;丨
6053;蝰;15 画;丨
6054;蝎;15 画;丨
6055;蝌;15 画;丨
6056;蝮;15 画;丨
6057;螋;15 画;丨
6058;蝗;15 画;丨
6059;蝓;15 画;丨
6060;蝣;15 画;丨
6061;蝼;15 画;丨
6062;蝤;15 画;丨
6063;蝙;15 画;丨
6064;噗;15 画;丨
6065;嘬;15 画;丨
6066;颚;15 画;丨
6067;嘿;15 画;丨
6068;噍;15 画;丨
6069;噢;15 画;丨
6070;噙;15 画;丨
6071;噜;15 画;丨
6072;噌;15 画;丨
6073;嘱;15 画;丨
6074;噀;15 画;丨
6075;噔;15 画;丨
6076;颛;15 画;丨
6077;幞;15 画;丨
6078;幡;15 画;丨
6079;嶓;15 画;丨
6080;幢;15 画;丨
6081;嶙;15 画;丨
6082;嶝;15 画;丨
6083;墨;15 画;丨
6084;骺;15 画;丨
6085;骼;15 画;丨
6086;骸;15 画;丨
6087;镊;15 画;丿
6088;镆;15 画;丿
6089;镇;15 画;丿
6090;镈;15 画;丿
6091;镉;15 画;丿
6092;镋;15 画;丿
6093;镌;15 画;丿
6094;镍;15 画;丿
6095;镎;15 画;丿
6096;镏;15 画;丿
6097;镐;15 画;丿
6098;镑;15 画;丿
6099;镒;15 画;丿
6100;镓;15 画;丿
6101;镔;15 画;丿
6102;靠;15 画;丿
6103;稽;15 画;丿
6104;稷;15 画;丿
6105;稻;15 画;丿
6106;黎;15 画;丿
6107;稿;15 画;丿
6108;稼;15 画;丿
6109;箱;15 画;丿
6110;箴;15 画;丿
6111;篑;15 画;丿
6112;篁;15 画;丿
6113;篌;15 画;丿
6114;篓;15 画;丿
6115;箭;15 画;丿
6116;篇;15 画;丿
6117;篆;15 画;丿
6118;僵;15 画;丿
6119;牖;15 画;丿
6120;儇;15 画;丿
6121;儋;15 画;丿
6122;躺;15 画;丿
6123;僻;15 画;丿
6124;德;15 画;丿
6125;徵;15 画;丿
6126;艘;15 画;丿
6127;磐;15 画;丿
6128;虢;15 画;丿
6129;鹞;15 画;丿
6130;鹟;15 画;丿
6131;膝;15 画;丿
6132;膘;15 画;丿
6133;膛;15 画;丿
6134;滕;15 画;丿
6135;鲠;15 画;丿
6136;鲡;15 画;丿
6137;鲢;15 画;丿
6138;鲣;15 画;丿
6139;鲥;15 画;丿
6140;鲤;15 画;丿
6141;鲦;15 画;丿
6142;鲧;15 画;丿
6143;鲩;15 画;丿
6144;鲪;15 画;丿
6145;鲫;15 画;丿
6146;鲬;15 画;丿
6147;橥;15 画;丿
6148;獗;15 画;丿
6149;獠;15 画;丿
6150;觯;15 画;丿
6151;鹠;15 画;丿
6152;馓;15 画;丿
6153;馔;15 画;丿
6154;熟;15 画;丶
6155;摩;15 画;丶
6156;麾;15 画;丶
6157;褒;15 画;丶
6158;廛;15 画;丶
6159;鹡;15 画;丶
6160;瘛;15 画;丶
6161;瘼;15 画;丶
6162;瘪;15 画;丶
6163;瘢;15 画;丶
6164;瘤;15 画;丶
6165;瘠;15 画;丶
6166;瘫;15 画;丶
6167;齑;15 画;丶
6168;凛;15 画;丶
6169;颜;15 画;丶
6170;毅;15 画;丶
6171;羯;15 画;丶
6172;羰;15 画;丶
6173;糊;15 画;丶
6174;糇;15 画;丶
6175;遴;15 画;丶
6176;糌;15 画;丶
6177;糍;15 画;丶
6178;糈;15 画;丶
6179;糅;15 画;丶
6180;翦;15 画;丶
6181;遵;15 画;丶
6182;鹣;15 画;丶
6183;熜;15 画;丶
6184;熵;15 画;丶
6185;熠;15 画;丶
6186;潜;15 画;丶
6187;澍;15 画;丶
6188;澎;15 画;丶
6189;澌;15 画;丶
6190;潵;15 画;丶
6191;潮;15 画;丶
6192;潸;15 画;丶
6193;潭;15 画;丶
6194;潦;15 画;丶
6195;鲨;15 画;丶
6196;潲;15 画;丶
6197;鋈;15 画;丶
6198;潟;15 画;丶
6199;澳;15 画;丶
6200;潘;15 画;丶
6201;潼;15 画;丶
6202;澈;15 画;丶
6203;澜;15 画;丶
6204;潽;15 画;丶
6205;潺;15 画;丶
6206;澄;15 画;丶
6207;潏;15 画;丶
6208;懂;15 画;丶
6209;憬;15 画;丶
6210;憔;15 画;丶
6211;懊;15 画;丶
6212;憧;15 画;丶
6213;憎;15 画;丶
6214;寮;15 画;丶
6215;窳;15 画;丶
6216;额;15 画;丶
6217;谳;15 画;丶
6218;翩;15 画;丶
6219;褥;15 画;丶
6220;褴;15 画;丶
6221;褫;15 画;丶
6222;禤;15 画;丶
6223;谴;15 画;丶
6224;鹤;15 画;丶
6225;谵;15 画;丶
6226;憨;15 画;乛
6227;熨;15 画;乛
6228;慰;15 画;乛
6229;劈;15 画;乛
6230;履;15 画;乛
6231;屦;15 画;乛
6232;嬉;15 画;乛
6233;勰;15 画;乛
6234;戮;15 画;乛
6235;蝥;15 画;乛
6236;豫;15 画;乛
6237;缬;15 画;乛
6238;缭;15 画;乛
6239;缮;15 画;乛
6240;缯;15 画;乛
6241;骣;15 画;乛
6242;畿;15 画;乛
6243;耩;16 画;一
6244;耨;16 画;一
6245;耪;16 画;一
6246;璞;16 画;一
6247;璟;16 画;一
6248;靛;16 画;一
6249;璠;16 画;一
6250;璘;16 画;一
6251;聱;16 画;一
6252;螯;16 画;一
6253;髻;16 画;一
6254;髭;16 画;一
6255;髹;16 画;一
6256;擀;16 画;一
6257;撼;16 画;一
6258;擂;16 画;一
6259;操;16 画;一
6260;熹;16 画;一
6261;甏;16 画;一
6262;擐;16 画;一
6263;擅;16 画;一
6264;擞;16 画;一
6265;磬;16 画;一
6266;鄹;16 画;一
6267;颞;16 画;一
6268;蕻;16 画;一
6269;鞘;16 画;一
6270;燕;16 画;一
6271;黇;16 画;一
6272;颟;16 画;一
6273;薤;16 画;一
6274;蕾;16 画;一
6275;薯;16 画;一
6276;薨;16 画;一
6277;薛;16 画;一
6278;薇;16 画;一
6279;檠;16 画;一
6280;擎;16 画;一
6281;薪;16 画;一
6282;薏;16 画;一
6283;蕹;16 画;一
6284;薮;16 画;一
6285;薄;16 画;一
6286;颠;16 画;一
6287;翰;16 画;一
6288;噩;16 画;一
6289;薜;16 画;一
6290;薅;16 画;一
6291;樾;16 画;一
6292;橱;16 画;一
6293;橛;16 画;一
6294;橇;16 画;一
6295;樵;16 画;一
6296;檎;16 画;一
6297;橹;16 画;一
6298;橦;16 画;一
6299;樽;16 画;一
6300;樨;16 画;一
6301;橙;16 画;一
6302;橘;16 画;一
6303;橼;16 画;一
6304;墼;16 画;一
6305;整;16 画;一
6306;橐;16 画;一
6307;融;16 画;一
6308;翮;16 画;一
6309;瓢;16 画;一
6310;醛;16 画;一
6311;醐;16 画;一
6312;醍;16 画;一
6313;醒;16 画;一
6314;醚;16 画;一
6315;醑;16 画;一
6316;觱;16 画;一
6317;磺;16 画;一
6318;磲;16 画;一
6319;赝;16 画;一
6320;飙;16 画;一
6321;殪;16 画;一
6322;霖;16 画;一
6323;霏;16 画;一
6324;霓;16 画;一
6325;霍;16 画;一
6326;霎;16 画;一
6327;錾;16 画;一
6328;辙;16 画;一
6329;辚;16 画;一
6330;臻;16 画;一
6331;冀;16 画;丨
6332;餐;16 画;丨
6333;遽;16 画;丨
6334;氅;16 画;丨
6335;瞥;16 画;丨
6336;瞟;16 画;丨
6337;瞠;16 画;丨
6338;瞰;16 画;丨
6339;嚄;16 画;丨
6340;嚆;16 画;丨
6341;噤;16 画;丨
6342;暾;16 画;丨
6343;曈;16 画;丨
6344;蹀;16 画;丨
6345;蹅;16 画;丨
6346;踶;16 画;丨
6347;踹;16 画;丨
6348;踵;16 画;丨
6349;踽;16 画;丨
6350;嘴;16 画;丨
6351;踱;16 画;丨
6352;蹄;16 画;丨
6353;蹉;16 画;丨
6354;蹁;16 画;丨
6355;蹂;16 画;丨
6356;螨;16 画;丨
6357;蟒;16 画;丨
6358;蟆;16 画;丨
6359;螈;16 画;丨
6360;螅;16 画;丨
6361;螭;16 画;丨
6362;螗;16 画;丨
6363;螃;16 画;丨
6364;螠;16 画;丨
6365;螟;16 画;丨
6366;噱;16 画;丨
6367;器;16 画;丨
6368;噪;16 画;丨
6369;噬;16 画;丨
6370;噫;16 画;丨
6371;噻;16 画;丨
6372;噼;16 画;丨
6373;幪;16 画;丨
6374;罹;16 画;丨
6375;圜;16 画;丨
6376;鹦;16 画;丨
6377;赠;16 画;丨
6378;默;16 画;丨
6379;黔;16 画;丨
6380;镖;16 画;丿
6381;镗;16 画;丿
6382;镘;16 画;丿
6383;镚;16 画;丿
6384;镛;16 画;丿
6385;镜;16 画;丿
6386;镝;16 画;丿
6387;镞;16 画;丿
6388;镠;16 画;丿
6389;氇;16 画;丿
6390;氆;16 画;丿
6391;赞;16 画;丿
6392;憩;16 画;丿
6393;穑;16 画;丿
6394;穆;16 画;丿
6395;穄;16 画;丿
6396;篝;16 画;丿
6397;篚;16 画;丿
6398;篥;16 画;丿
6399;篮;16 画;丿
6400;篡;16 画;丿
6401;簉;16 画;丿
6402;篦;16 画;丿
6403;篪;16 画;丿
6404;篷;16 画;丿
6405;篙;16 画;丿
6406;篱;16 画;丿
6407;盥;16 画;丿
6408;儒;16 画;丿
6409;劓;16 画;丿
6410;翱;16 画;丿
6411;魉;16 画;丿
6412;魈;16 画;丿
6413;邀;16 画;丿
6414;徼;16 画;丿
6415;衡;16 画;丿
6416;歙;16 画;丿
6417;盫;16 画;丿
6418;膨;16 画;丿
6419;膪;16 画;丿
6420;膳;16 画;丿
6421;螣;16 画;丿
6422;膦;16 画;丿
6423;膙;16 画;丿
6424;雕;16 画;丿
6425;鲭;16 画;丿
6426;鲮;16 画;丿
6427;鲯;16 画;丿
6428;鲰;16 画;丿
6429;鲱;16 画;丿
6430;鲲;16 画;丿
6431;鲳;16 画;丿
6432;鲴;16 画;丿
6433;鲵;16 画;丿
6434;鲷;16 画;丿
6435;鲸;16 画;丿
6436;鲺;16 画;丿
6437;鲹;16 画;丿
6438;鲻;16 画;丿
6439;獴;16 画;丿
6440;獭;16 画;丿
6441;獬;16 画;丿
6442;邂;16 画;丿
6443;憝;16 画;丶
6444;亸;16 画;丶
6445;鹧;16 画;丶
6446;磨;16 画;丶
6447;廨;16 画;丶
6448;赟;16 画;丶
6449;癀;16 画;丶
6450;瘭;16 画;丶
6451;瘰;16 画;丶
6452;廪;16 画;丶
6453;瘿;16 画;丶
6454;瘵;16 画;丶
6455;瘴;16 画;丶
6456;癃;16 画;丶
6457;瘾;16 画;丶
6458;瘸;16 画;丶
6459;瘳;16 画;丶
6460;斓;16 画;丶
6461;麇;16 画;丶
6462;麈;16 画;丶
6463;凝;16 画;丶
6464;辨;16 画;丶
6465;辩;16 画;丶
6466;嬴;16 画;丶
6467;壅;16 画;丶
6468;羲;16 画;丶
6469;糙;16 画;丶
6470;糗;16 画;丶
6471;糖;16 画;丶
6472;糕;16 画;丶
6473;甑;16 画;丶
6474;燎;16 画;丶
6475;燠;16 画;丶
6476;燔;16 画;丶
6477;燃;16 画;丶
6478;燧;16 画;丶
6479;燊;16 画;丶
6480;燏;16 画;丶
6481;濑;16 画;丶
6482;濒;16 画;丶
6483;濉;16 画;丶
6484;潞;16 画;丶
6485;澧;16 画;丶
6486;澡;16 画;丶
6487;澴;16 画;丶
6488;激;16 画;丶
6489;澹;16 画;丶
6490;澥;16 画;丶
6491;澶;16 画;丶
6492;濂;16 画;丶
6493;澼;16 画;丶
6494;憷;16 画;丶
6495;懒;16 画;丶
6496;憾;16 画;丶
6497;懈;16 画;丶
6498;黉;16 画;丶
6499;褰;16 画;丶
6500;寰;16 画;丶
6501;窸;16 画;丶
6502;窿;16 画;丶
6503;褶;16 画;丶
6504;禧;16 画;丶
6505;壁;16 画;乛
6506;避;16 画;乛
6507;嬖;16 画;乛
6508;犟;16 画;乛
6509;隰;16 画;乛
6510;嬗;16 画;乛
6511;鹨;16 画;乛
6512;翯;16 画;乛
6513;颡;16 画;乛
6514;缰;16 画;乛
6515;缱;16 画;乛
6516;缲;16 画;乛
6517;缳;16 画;乛
6518;缴;16 画;乛
6519;璨;17 画;一
6520;璩;17 画;一
6521;璐;17 画;一
6522;璪;17 画;一
6523;戴;17 画;一
6524;螫;17 画;一
6525;擤;17 画;一
6526;壕;17 画;一
6527;擦;17 画;一
6528;觳;17 画;一
6529;罄;17 画;一
6530;擢;17 画;一
6531;藉;17 画;一
6532;薹;17 画;一
6533;鞡;17 画;一
6534;鞠;17 画;一
6535;藏;17 画;一
6536;薷;17 画;一
6537;薰;17 画;一
6538;藐;17 画;一
6539;藓;17 画;一
6540;藁;17 画;一
6541;檬;17 画;一
6542;檑;17 画;一
6543;檄;17 画;一
6544;檐;17 画;一
6545;檩;17 画;一
6546;檀;17 画;一
6547;懋;17 画;一
6548;醢;17 画;一
6549;翳;17 画;一
6550;繄;17 画;一
6551;礁;17 画;一
6552;礅;17 画;一
6553;磷;17 画;一
6554;磴;17 画;一
6555;鹩;17 画;一
6556;霜;17 画;一
6557;霞;17 画;一
6558;龋;17 画;丨
6559;龌;17 画;丨
6560;豳;17 画;丨
6561;壑;17 画;丨
6562;黻;17 画;丨
6563;瞭;17 画;丨
6564;瞧;17 画;丨
6565;瞬;17 画;丨
6566;瞳;17 画;丨
6567;瞵;17 画;丨
6568;瞩;17 画;丨
6569;瞪;17 画;丨
6570;嚏;17 画;丨
6571;曙;17 画;丨
6572;嚅;17 画;丨
6573;蹑;17 画;丨
6574;蹒;17 画;丨
6575;蹋;17 画;丨
6576;蹈;17 画;丨
6577;蹊;17 画;丨
6578;蹓;17 画;丨
6579;蹐;17 画;丨
6580;蟥;17 画;丨
6581;螬;17 画;丨
6582;螵;17 画;丨
6583;疃;17 画;丨
6584;螳;17 画;丨
6585;螺;17 画;丨
6586;蟋;17 画;丨
6587;蟑;17 画;丨
6588;蟀;17 画;丨
6589;嚎;17 画;丨
6590;嚓;17 画;丨
6591;羁;17 画;丨
6592;罽;17 画;丨
6593;罾;17 画;丨
6594;嶷;17 画;丨
6595;赡;17 画;丨
6596;黜;17 画;丨
6597;黝;17 画;丨
6598;髁;17 画;丨
6599;髀;17 画;丨
6600;镡;17 画;丿
6601;镢;17 画;丿
6602;镣;17 画;丿
6603;镤;17 画;丿
6604;镥;17 画;丿
6605;镦;17 画;丿
6606;镧;17 画;丿
6607;镨;17 画;丿
6608;镩;17 画;丿
6609;镪;17 画;丿
6610;镫;17 画;丿
6611;罅;17 画;丿
6612;穗;17 画;丿
6613;黏;17 画;丿
6614;魏;17 画;丿
6615;簧;17 画;丿
6616;簌;17 画;丿
6617;篾;17 画;丿
6618;簃;17 画;丿
6619;篼;17 画;丿
6620;簏;17 画;丿
6621;簇;17 画;丿
6622;簖;17 画;丿
6623;簋;17 画;丿
6624;繁;17 画;丿
6625;鼢;17 画;丿
6626;黛;17 画;丿
6627;儡;17 画;丿
6628;鹪;17 画;丿
6629;鼾;17 画;丿
6630;皤;17 画;丿
6631;魍;17 画;丿
6632;徽;17 画;丿
6633;艚;17 画;丿
6634;龠;17 画;丿
6635;爵;17 画;丿
6636;繇;17 画;丿
6637;貘;17 画;丿
6638;邈;17 画;丿
6639;貔;17 画;丿
6640;臌;17 画;丿
6641;朦;17 画;丿
6642;臊;17 画;丿
6643;膻;17 画;丿
6644;臁;17 画;丿
6645;臆;17 画;丿
6646;臃;17 画;丿
6647;鲼;17 画;丿
6648;鲽;17 画;丿
6649;鲾;17 画;丿
6650;鳀;17 画;丿
6651;鳁;17 画;丿
6652;鳂;17 画;丿
6653;鳃;17 画;丿
6654;鳄;17 画;丿
6655;鳅;17 画;丿
6656;鳆;17 画;丿
6657;鳇;17 画;丿
6658;鳈;17 画;丿
6659;鳉;17 画;丿
6660;鳊;17 画;丿
6661;獯;17 画;丿
6662;螽;17 画;丿
6663;燮;17 画;丶
6664;鹫;17 画;丶
6665;襄;17 画;丶
6666;糜;17 画;丶
6667;縻;17 画;丶
6668;膺;17 画;丶
6669;癍;17 画;丶
6670;癌;17 画;丶
6671;麋;17 画;丶
6672;辫;17 画;丶
6673;赢;17 画;丶
6674;糟;17 画;丶
6675;糠;17 画;丶
6676;馘;17 画;丶
6677;燥;17 画;丶
6678;懑;17 画;丶
6679;濡;17 画;丶
6680;濮;17 画;丶
6681;濞;17 画;丶
6682;濠;17 画;丶
6683;濯;17 画;丶
6684;懦;17 画;丶
6685;豁;17 画;丶
6686;蹇;17 画;丶
6687;謇;17 画;丶
6688;邃;17 画;丶
6689;襕;17 画;丶
6690;襁;17 画;丶
6691;臀;17 画;乛
6692;檗;17 画;乛
6693;甓;17 画;乛
6694;臂;17 画;乛
6695;擘;17 画;乛
6696;孺;17 画;乛
6697;隳;17 画;乛
6698;嬷;17 画;乛
6699;翼;17 画;乛
6700;蟊;17 画;乛
6701;鹬;17 画;乛
6702;鍪;17 画;乛
6703;骤;17 画;乛
6704;鏊;18 画;一
6705;鳌;18 画;一
6706;鬹;18 画;一
6707;鬈;18 画;一
6708;鬃;18 画;一
6709;瞽;18 画;一
6710;藕;18 画;一
6711;鞯;18 画;一
6712;鞨;18 画;一
6713;鞭;18 画;一
6714;鞫;18 画;一
6715;鞧;18 画;一
6716;鞣;18 画;一
6717;藜;18 画;一
6718;藠;18 画;一
6719;藤;18 画;一
6720;藩;18 画;一
6721;鹲;18 画;一
6722;檫;18 画;一
6723;檵;18 画;一
6724;覆;18 画;一
6725;醪;18 画;一
6726;蹙;18 画;一
6727;礞;18 画;一
6728;礓;18 画;一
6729;礌;18 画;一
6730;燹;18 画;一
6731;餮;18 画;一
6732;蹩;18 画;丨
6733;瞿;18 画;丨
6734;瞻;18 画;丨
6735;曛;18 画;丨
6736;颢;18 画;丨
6737;曜;18 画;丨
6738;躇;18 画;丨
6739;蹦;18 画;丨
6740;鹭;18 画;丨
6741;蹢;18 画;丨
6742;蹜;18 画;丨
6743;蟛;18 画;丨
6744;蟪;18 画;丨
6745;蟠;18 画;丨
6746;蟮;18 画;丨
6747;嚚;18 画;丨
6748;嚣;18 画;丨
6749;鹮;18 画;丨
6750;黠;18 画;丨
6751;黟;18 画;丨
6752;髅;18 画;丨
6753;髂;18 画;丨
6754;镬;18 画;丿
6755;镭;18 画;丿
6756;镯;18 画;丿
6757;镰;18 画;丿
6758;镱;18 画;丿
6759;馥;18 画;丿
6760;簠;18 画;丿
6761;簟;18 画;丿
6762;簪;18 画;丿
6763;簦;18 画;丿
6764;鼫;18 画;丿
6765;鼬;18 画;丿
6766;鼩;18 画;丿
6767;雠;18 画;丿
6768;艟;18 画;丿
6769;翻;18 画;丿
6770;臑;18 画;丿
6771;鳍;18 画;丿
6772;鳎;18 画;丿
6773;鳏;18 画;丿
6774;鳐;18 画;丿
6775;鳑;18 画;丿
6776;鹱;18 画;丿
6777;鹰;18 画;丶
6778;癞;18 画;丶
6779;癔;18 画;丶
6780;癜;18 画;丶
6781;癖;18 画;丶
6782;糨;18 画;丶
6783;冁;18 画;丶
6784;瀑;18 画;丶
6785;瀍;18 画;丶
6786;瀌;18 画;丶
6787;鎏;18 画;丶
6788;懵;18 画;丶
6789;襟;18 画;丶
6790;璧;18 画;乛
6791;戳;18 画;乛
6792;彝;18 画;乛
6793;邋;18 画;乛
6794;鬏;19 画;一
6795;攉;19 画;一
6796;攒;19 画;一
6797;鞲;19 画;一
6798;鞴;19 画;一
6799;藿;19 画;一
6800;蘧;19 画;一
6801;孽;19 画;一
6802;蘅;19 画;一
6803;警;19 画;一
6804;蘑;19 画;一
6805;藻;19 画;一
6806;麓;19 画;一
6807;攀;19 画;一
6808;醭;19 画;一
6809;醮;19 画;一
6810;醯;19 画;一
6811;礤;19 画;一
6812;酃;19 画;一
6813;霪;19 画;一
6814;霭;19 画;一
6815;黼;19 画;丨
6816;鳖;19 画;丨
6817;曝;19 画;丨
6818;嚯;19 画;丨
6819;蹰;19 画;丨
6820;蹶;19 画;丨
6821;蹽;19 画;丨
6822;蹼;19 画;丨
6823;蹯;19 画;丨
6824;蹴;19 画;丨
6825;蹾;19 画;丨
6826;蹲;19 画;丨
6827;蹭;19 画;丨
6828;蹿;19 画;丨
6829;蹬;19 画;丨
6830;蠖;19 画;丨
6831;蠓;19 画;丨
6832;蠋;19 画;丨
6833;蟾;19 画;丨
6834;蠊;19 画;丨
6835;巅;19 画;丨
6836;黢;19 画;丨
6837;髋;19 画;丨
6838;髌;19 画;丨
6839;镲;19 画;丿
6840;籀;19 画;丿
6841;簸;19 画;丿
6842;籁;19 画;丿
6843;簿;19 画;丿
6844;鳘;19 画;丿
6845;齁;19 画;丿
6846;魑;19 画;丿
6847;艨;19 画;丿
6848;鼗;19 画;丿
6849;鳓;19 画;丿
6850;鳔;19 画;丿
6851;鳕;19 画;丿
6852;鳗;19 画;丿
6853;鳙;19 画;丿
6854;鳚;19 画;丿
6855;蟹;19 画;丿
6856;颤;19 画;丶
6857;靡;19 画;丶
6858;癣;19 画;丶
6859;麒;19 画;丶
6860;鏖;19 画;丶
6861;瓣;19 画;丶
6862;蠃;19 画;丶
6863;羸;19 画;丶
6864;羹;19 画;丶
6865;爆;19 画;丶
6866;瀚;19 画;丶
6867;瀣;19 画;丶
6868;瀛;19 画;丶
6869;襦;19 画;丶
6870;谶;19 画;丶
6871;襞;19 画;乛
6872;疆;19 画;乛
6873;骥;19 画;乛
6874;缵;19 画;乛
6875;瓒;20 画;一
6876;鬓;20 画;一
6877;壤;20 画;一
6878;攘;20 画;一
6879;馨;20 画;一
6880;蘩;20 画;一
6881;蘖;20 画;一
6882;蘘;20 画;一
6883;醵;20 画;一
6884;醴;20 画;一
6885;霰;20 画;一
6886;颥;20 画;一
6887;酆;20 画;丨
6888;耀;20 画;丨
6889;矍;20 画;丨
6890;曦;20 画;丨
6891;躁;20 画;丨
6892;躅;20 画;丨
6893;蠕;20 画;丨
6894;鼍;20 画;丨
6895;嚼;20 画;丨
6896;嚷;20 画;丨
6897;巍;20 画;丨
6898;巉;20 画;丨
6899;黩;20 画;丨
6900;黥;20 画;丨
6901;镳;20 画;丿
6902;镴;20 画;丿
6903;黧;20 画;丿
6904;籍;20 画;丿
6905;纂;20 画;丿
6906;鼯;20 画;丿
6907;犨;20 画;丿
6908;臜;20 画;丿
6909;鳜;20 画;丿
6910;鳝;20 画;丿
6911;鳞;20 画;丿
6912;鳟;20 画;丿
6913;獾;20 画;丿
6914;魔;20 画;丶
6915;糯;20 画;丶
6916;灌;20 画;丶
6917;瀹;20 画;丶
6918;瀵;20 画;丶
6919;譬;20 画;乛
6920;孀;20 画;乛
6921;骧;20 画;乛
6922;耰;21 画;一
6923;蠢;21 画;一
6924;瓘;21 画;一
6925;鼙;21 画;一
6926;醺;21 画;一
6927;礴;21 画;一
6928;礳;21 画;一
6929;霸;21 画;一
6930;露;21 画;一
6931;霹;21 画;一
6932;颦;21 画;丨
6933;曩;21 画;丨
6934;躏;21 画;丨
6935;黯;21 画;丨
6936;髓;21 画;丨
6937;鼱;21 画;丿
6938;鳡;21 画;丿
6939;鳢;21 画;丿
6940;癫;21 画;丶
6941;麝;21 画;丶
6942;赣;21 画;丶
6943;夔;21 画;丶
6944;爝;21 画;丶
6945;灏;21 画;丶
6946;禳;21 画;丶
6947;鐾;21 画;乛
6948;羼;21 画;乛
6949;蠡;21 画;乛
6950;耲;22 画;一
6951;耱;22 画;一
6952;懿;22 画;一
6953;韂;22 画;一
6954;蘸;22 画;一
6955;鹳;22 画;一
6956;糵;22 画;一
6957;蘼;22 画;一
6958;囊;22 画;一
6959;霾;22 画;一
6960;氍;22 画;丨
6961;饕;22 画;丨
6962;躔;22 画;丨
6963;躐;22 画;丨
6964;髑;22 画;丨
6965;镵;22 画;丿
6966;镶;22 画;丿
6967;穰;22 画;丿
6968;鳤;22 画;丿
6969;瓤;22 画;丶
6970;饔;22 画;丶
6971;鬻;22 画;乛
6972;鬟;22 画;一
6973;趱;22 画;一
6974;攫;22 画;一
6975;攥;22 画;一
6976;颧;22 画;一
6977;躜;22 画;丨
6978;罐;22 画;丿
6979;鼹;22 画;丿
6980;鼷;22 画;丿
6981;癯;22 画;丶
6982;麟;22 画;丶
6983;蠲;22 画;丶
6984;矗;24 画;一
6985;蠹;24 画;一
6986;醾;24 画;一
6987;躞;24 画;丨
6988;衢;24 画;丿
6989;鑫;24 画;丿
6990;灞;24 画;丶
6991;襻;24 画;丶
6992;纛;25 画;一
6993;鬣;25 画;一
6994;攮;25 画;一
6995;囔;25 画;丨
6996;馕;25 画;丿
6997;戆;25 画;丶
6998;蠼;26 画;丨
6999;爨;30 画;丿
7000;齉;36 画;丿
